{"stats":{"minecraft:used":{"minecraft:white_stained_glass":3,"minecraft:sticky_piston":3,"minecraft:glass":5,"minecraft:lever":1,"minecraft:lava_bucket":1,"minecraft:end_rod":2,"minecraft:repeater":4,"minecraft:comparator":1,"minecraft:redstone":7},"minecraft:picked_up":{"minecraft:sticky_piston":1,"minecraft:lever":1},"minecraft:custom":{"minecraft:jump":32,"minecraft:open_chest":1,"minecraft:time_since_rest":9707,"minecraft:play_one_minute":9707,"minecraft:sprint_one_cm":2400,"minecraft:time_since_death":9707,"minecraft:walk_one_cm":9272,"minecraft:sneak_time":125,"minecraft:drop":2,"minecraft:fly_one_cm":37450},"minecraft:dropped":{"minecraft:sticky_piston":1,"minecraft:lever":1}},"DataVersion":1976}