{"stats":{"minecraft:used":{"minecraft:redstone_torch":11,"minecraft:sticky_piston":28,"minecraft:piston":7,"minecraft:water_bucket":2570,"minecraft:packed_ice":20,"minecraft:sea_lantern":1,"minecraft:bricks":989,"minecraft:light_gray_stained_glass":7,"minecraft:brick_wall":250,"minecraft:dropper":17,"minecraft:jungle_fence_gate":9,"minecraft:slime_block":5,"minecraft:powered_rail":185,"minecraft:iron_block":4,"minecraft:brick_stairs":373,"minecraft:gray_carpet":1,"minecraft:redstone":18,"minecraft:quartz_block":33,"minecraft:chest":12,"minecraft:spruce_trapdoor":1,"minecraft:redstone_block":50,"minecraft:iron_door":2,"minecraft:hopper_minecart":9,"minecraft:quartz_stairs":3,"minecraft:structure_block":16,"minecraft:sand":1,"minecraft:repeater":4,"minecraft:redstone_lamp":4,"minecraft:soul_sand":2,"minecraft:rail":17,"minecraft:comparator":3,"minecraft:acacia_pressure_plate":1,"minecraft:hopper":398,"minecraft:iron_trapdoor":7,"minecraft:tnt":365,"minecraft:crafting_table":1,"minecraft:furnace":129,"minecraft:brick_slab":61,"minecraft:white_stained_glass":9,"minecraft:bucket":4,"minecraft:birch_log":3,"minecraft:chiseled_quartz_block":9,"minecraft:smooth_stone_slab":23,"minecraft:acacia_button":8,"minecraft:observer":97,"minecraft:spruce_log":4,"minecraft:oak_fence_gate":5},"minecraft:picked_up":{"minecraft:iron_trapdoor":1,"minecraft:water_bucket":1,"minecraft:acacia_pressure_plate":1,"minecraft:acacia_button":1,"minecraft:item_frame":8,"minecraft:sticky_piston":2,"minecraft:white_stained_glass":29,"minecraft:slime_block":72,"minecraft:detector_rail":1,"minecraft:oak_fence_gate":1,"minecraft:iron_block":5,"minecraft:redstone_torch":133,"minecraft:observer":2,"minecraft:powered_rail":7,"minecraft:piston":2,"minecraft:rail":130,"minecraft:furnace":1},"minecraft:dropped":{"minecraft:water_bucket":1,"minecraft:furnace":1,"minecraft:oak_fence_gate":1,"minecraft:redstone_torch":131,"minecraft:slime_block":128,"minecraft:rail":128,"minecraft:acacia_pressure_plate":1},"minecraft:custom":{"minecraft:time_since_rest":136281,"minecraft:inspect_dropper":3,"minecraft:interact_with_furnace":3,"minecraft:sprint_one_cm":1215,"minecraft:walk_one_cm":29402,"minecraft:drop":11,"minecraft:inspect_hopper":1,"minecraft:fly_one_cm":881007,"minecraft:open_chest":3,"minecraft:play_one_minute":136281,"minecraft:crouch_one_cm":122,"minecraft:sneak_time":6635,"minecraft:walk_under_water_one_cm":29628,"minecraft:jump":156,"minecraft:leave_game":5,"minecraft:walk_on_water_one_cm":1759,"minecraft:time_since_death":136281}},"DataVersion":1976}