{"stats":{"minecraft:used":{"minecraft:iron_shovel":170,"minecraft:ladder":52,"minecraft:chest":19,"minecraft:shield":16,"minecraft:stone":1740,"minecraft:iron_sword":120,"minecraft:rotten_flesh":30,"minecraft:carrot":426,"minecraft:acacia_button":1,"minecraft:snowball":5,"minecraft:obsidian":1,"minecraft:glass":16,"minecraft:lava_bucket":9,"minecraft:furnace":10,"minecraft:egg":19,"minecraft:end_rod":1,"minecraft:diorite":124,"minecraft:tube_coral_fan":2,"minecraft:stone_pickaxe":59,"minecraft:oak_planks":2,"minecraft:blackstone":4,"minecraft:ender_pearl":11,"minecraft:sandstone":7,"minecraft:redstone_block":17,"minecraft:sugar_cane":115,"minecraft:sand":2720,"minecraft:end_stone":213,"minecraft:birch_fence":2,"minecraft:sticky_piston":14,"minecraft:lever":2,"minecraft:bread":32,"minecraft:stone_button":1,"minecraft:gravel":2,"minecraft:diamond_sword":372,"minecraft:andesite":211,"minecraft:oak_boat":6,"minecraft:bone_meal":18,"minecraft:stone_sword":188,"minecraft:acacia_log":2,"minecraft:flint_and_steel":13,"minecraft:stone_shovel":154,"minecraft:stone_hoe":95,"minecraft:cooked_chicken":6,"minecraft:netherrack":142,"minecraft:torch":66,"minecraft:dirt":255,"minecraft:hopper":1,"minecraft:shulker_box":4,"minecraft:granite":13,"minecraft:iron_block":3,"minecraft:iron_axe":27,"minecraft:slime_block":56,"minecraft:beef":4,"minecraft:minecart":4,"minecraft:cooked_beef":9,"minecraft:observer":11,"minecraft:acacia_planks":85,"minecraft:wheat_seeds":195,"minecraft:cooked_mutton":12,"minecraft:water_bucket":102,"minecraft:birch_planks":24,"minecraft:glass_bottle":1,"minecraft:cut_sandstone":5,"minecraft:rail":5,"minecraft:tnt":7,"minecraft:crafting_table":6,"minecraft:red_bed":2,"minecraft:white_bed":7,"minecraft:piston":14,"minecraft:diamond_pickaxe":3263,"minecraft:oxeye_daisy":1,"minecraft:diamond_shovel":1043,"minecraft:detector_rail":2,"minecraft:stone_axe":296,"minecraft:cobblestone":283,"minecraft:potion":1,"minecraft:white_banner":1,"minecraft:cooked_porkchop":4,"minecraft:bucket":112,"minecraft:pumpkin_pie":46,"minecraft:sea_pickle":4},"minecraft:crafted":{"minecraft:oak_planks":436,"minecraft:cooked_chicken":15,"minecraft:slime_block":7,"minecraft:stone":133,"minecraft:lever":2,"minecraft:diamond_shovel":1,"minecraft:cooked_mutton":12,"minecraft:shulker_box":2,"minecraft:hopper":4,"minecraft:glass":6,"minecraft:stone_pressure_plate":1,"minecraft:chest":24,"minecraft:rail":16,"minecraft:stone_hoe":1,"minecraft:cooked_porkchop":15,"minecraft:crafting_table":4,"minecraft:sticky_piston":11,"minecraft:birch_planks":152,"minecraft:acacia_button":1,"minecraft:tnt":11,"minecraft:shield":1,"minecraft:birch_fence":3,"minecraft:stick":112,"minecraft:iron_ingot":1575,"minecraft:iron_block":225,"minecraft:stone_shovel":3,"minecraft:furnace":9,"minecraft:stone_button":1,"minecraft:piston":23,"minecraft:bone_meal":18,"minecraft:detector_rail":6,"minecraft:ladder":33,"minecraft:stone_pickaxe":1,"minecraft:redstone_block":24,"minecraft:observer":10,"minecraft:minecart":1,"minecraft:wheat":216,"minecraft:cooked_beef":39,"minecraft:sugar":64,"minecraft:diamond_sword":1,"minecraft:leather_helmet":1,"minecraft:bucket":1,"minecraft:stone_axe":3,"minecraft:bread":72,"minecraft:air":0,"minecraft:oak_boat":1,"minecraft:white_bed":5,"minecraft:pumpkin_pie":64,"minecraft:acacia_planks":112,"minecraft:torch":12},"minecraft:picked_up":{"minecraft:shulker_shell":4,"minecraft:wheat":130,"minecraft:redstone_block":136,"minecraft:diamond_sword":1,"minecraft:string":20,"minecraft:sticky_piston":9,"minecraft:sea_pickle":4,"minecraft:gold_nugget":171,"minecraft:cobblestone_slab":5,"minecraft:furnace":1,"minecraft:stick":1,"minecraft:music_disc_blocks":1,"minecraft:torch":52,"minecraft:acacia_log":24,"minecraft:porkchop":21,"minecraft:diorite":395,"minecraft:horn_coral_fan":1,"minecraft:rotten_flesh":74,"minecraft:iron_block":3,"minecraft:end_rod":2,"minecraft:fire_coral_fan":2,"minecraft:obsidian":1,"minecraft:snowball":5,"minecraft:cobblestone":1178,"minecraft:birch_log":20,"minecraft:feather":16,"minecraft:andesite":369,"minecraft:black_bed":1,"minecraft:potato":133,"minecraft:flint":17,"minecraft:lapis_lazuli":88,"minecraft:dirt":742,"minecraft:polished_granite":1,"minecraft:glass":1,"minecraft:bone":11,"minecraft:acacia_planks":35,"minecraft:bow":2,"minecraft:wheat_seeds":598,"minecraft:brain_coral":1,"minecraft:music_disc_13":1,"minecraft:sand":2880,"minecraft:shulker_box":4,"minecraft:diamond":38,"minecraft:slime_block":12,"minecraft:crossbow":1,"minecraft:granite":275,"minecraft:bone_meal":2,"minecraft:chorus_fruit":14,"minecraft:oak_sapling":1,"minecraft:netherrack":226,"minecraft:diamond_pickaxe":2,"minecraft:end_stone_bricks":1,"minecraft:bubble_coral_fan":2,"minecraft:crafting_table":4,"minecraft:azure_bluet":1,"minecraft:chicken":22,"minecraft:ladder":26,"minecraft:purpur_block":3,"minecraft:elytra":1,"minecraft:red_bed":2,"minecraft:compass":1,"minecraft:blackstone":8,"minecraft:beef":55,"minecraft:oak_boat":6,"minecraft:observer":4,"minecraft:poppy":2,"minecraft:minecart":1,"minecraft:chest":4,"minecraft:sugar_cane":348,"minecraft:piston":6,"minecraft:egg":9,"minecraft:sandstone":30,"minecraft:end_stone":266,"minecraft:stone":835,"minecraft:stone_button":1,"minecraft:carrot":574,"minecraft:redstone":333,"minecraft:stone_pressure_plate":1,"minecraft:tnt":9,"minecraft:stone_shovel":1,"minecraft:tube_coral":1,"minecraft:arrow":10,"minecraft:tube_coral_fan":4,"minecraft:hay_block":24,"minecraft:mutton":20,"minecraft:white_wool":12,"minecraft:rail":4,"minecraft:oxeye_daisy":1,"minecraft:cut_sandstone":5,"minecraft:leather":26,"minecraft:birch_planks":5,"minecraft:purpur_stairs":1,"minecraft:oak_log":164,"minecraft:golden_boots":1,"minecraft:gunpowder":95,"minecraft:paper":10,"minecraft:white_banner":1,"minecraft:iron_ingot":8,"minecraft:iron_ore":129,"minecraft:acacia_sapling":1,"minecraft:pumpkin":2,"minecraft:quartz":251,"minecraft:dandelion":2,"minecraft:gravel":174,"minecraft:brain_coral_fan":4,"minecraft:white_bed":2,"minecraft:gold_ore":11,"minecraft:spider_eye":4,"minecraft:leather_helmet":1,"minecraft:diamond_shovel":1,"minecraft:slime_ball":94,"minecraft:gray_wool":2,"minecraft:terracotta":1,"minecraft:coal":608,"minecraft:ender_pearl":11},"minecraft:killed":{"minecraft:spider":13,"minecraft:shulker":6,"minecraft:skeleton":12,"minecraft:chicken":23,"minecraft:piglin":2,"minecraft:pig":14,"minecraft:zombie_villager":3,"minecraft:iron_golem":1,"minecraft:creeper":14,"minecraft:sheep":15,"minecraft:pillager":3,"minecraft:zombie":73,"minecraft:stray":1,"minecraft:cow":27,"minecraft:slime":54,"minecraft:drowned":1,"minecraft:husk":5,"minecraft:hoglin":1,"minecraft:enderman":23},"minecraft:killed_by":{"minecraft:creeper":13,"minecraft:pillager":2,"minecraft:zombie":13,"minecraft:husk":1,"minecraft:player":5,"minecraft:spider":4,"minecraft:enderman":3,"minecraft:slime":2,"minecraft:hoglin":1,"minecraft:skeleton":6},"minecraft:custom":{"minecraft:interact_with_crafting_table":71,"minecraft:open_shulker_box":7,"minecraft:bell_ring":21,"minecraft:leave_game":40,"minecraft:time_since_death":19516,"minecraft:sprint_one_cm":2237429,"minecraft:damage_blocked_by_shield":2051,"minecraft:drop":165,"minecraft:deaths":91,"minecraft:jump":16312,"minecraft:interact_with_brewingstand":8,"minecraft:walk_on_water_one_cm":64283,"minecraft:interact_with_furnace":130,"minecraft:interact_with_cartography_table":1,"minecraft:play_one_minute":860253,"minecraft:interact_with_loom":2,"minecraft:sleep_in_bed":12,"minecraft:damage_dealt":45173,"minecraft:player_kills":6,"minecraft:crouch_one_cm":91288,"minecraft:horse_one_cm":216457,"minecraft:interact_with_smithing_table":3,"minecraft:inspect_dropper":1,"minecraft:mob_kills":293,"minecraft:inspect_hopper":5,"minecraft:climb_one_cm":69472,"minecraft:walk_one_cm":1594494,"minecraft:sneak_time":39345,"minecraft:walk_under_water_one_cm":145659,"minecraft:boat_one_cm":310324,"minecraft:tune_noteblock":2,"minecraft:time_since_rest":19548,"minecraft:damage_taken":39706,"minecraft:trigger_trapped_chest":9,"minecraft:minecart_one_cm":1226,"minecraft:swim_one_cm":54920,"minecraft:fly_one_cm":4293878,"minecraft:open_chest":670,"minecraft:aviate_one_cm":11720,"minecraft:fall_one_cm":553569},"minecraft:dropped":{"minecraft:piston":4,"minecraft:oak_log":64,"minecraft:diamond":20,"minecraft:crafting_table":1,"minecraft:crossbow":1,"minecraft:black_bed":1,"minecraft:tube_coral_fan":2,"minecraft:iron_horse_armor":1,"minecraft:purpur_stairs":1,"minecraft:rail":15,"minecraft:leather_helmet":2,"minecraft:flint":13,"minecraft:dirt":411,"minecraft:stone_button":1,"minecraft:sand":23,"minecraft:bone":3,"minecraft:gravel":66,"minecraft:blackstone":4,"minecraft:rotten_flesh":15,"minecraft:diamond_shovel":1,"minecraft:carrot":16,"minecraft:poppy":3,"minecraft:beetroot_seeds":1,"minecraft:acacia_sapling":1,"minecraft:ladder":2,"minecraft:arrow":5,"minecraft:netherrack":13,"minecraft:stone_hoe":1,"minecraft:wheat_seeds":13,"minecraft:cobblestone":345,"minecraft:observer":3,"minecraft:granite":13,"minecraft:coal":6,"minecraft:stick":4,"minecraft:diorite":65,"minecraft:torch":27,"minecraft:potion":1,"minecraft:string":10,"minecraft:dandelion":1,"minecraft:redstone_block":125,"minecraft:redstone":22,"minecraft:sticky_piston":6,"minecraft:stone_shovel":3,"minecraft:diamond_sword":1,"minecraft:stone":2,"minecraft:shield":1,"minecraft:diamond_pickaxe":1,"minecraft:andesite":93,"minecraft:stone_pressure_plate":1,"minecraft:spider_eye":2,"minecraft:slime_ball":389,"minecraft:sandstone":14,"minecraft:bow":1},"minecraft:broken":{"minecraft:iron_shovel":1,"minecraft:golden_boots":2,"minecraft:stone_axe":1,"minecraft:stone_sword":1,"minecraft:iron_axe":1},"minecraft:mined":{"minecraft:stone_pressure_plate":1,"minecraft:white_bed":2,"minecraft:fire_coral_wall_fan":2,"minecraft:obsidian":1,"minecraft:granite":270,"minecraft:acacia_log":21,"minecraft:grass_block":265,"minecraft:tall_seagrass":1,"minecraft:iron_ore":121,"minecraft:sticky_piston":5,"minecraft:fire":23,"minecraft:pumpkin":2,"minecraft:end_stone_bricks":1,"minecraft:iron_block":3,"minecraft:cut_sandstone":5,"minecraft:red_bed":2,"minecraft:blackstone":9,"minecraft:crimson_nylium":1,"minecraft:purpur_stairs":1,"minecraft:torch":8,"minecraft:chest":4,"minecraft:glass":2,"minecraft:nether_quartz_ore":113,"minecraft:cobblestone":366,"minecraft:slime_block":18,"minecraft:sugar_cane":187,"minecraft:wall_torch":3,"minecraft:seagrass":1,"minecraft:birch_log":21,"minecraft:wheat":134,"minecraft:tnt":9,"minecraft:black_bed":1,"minecraft:purpur_block":3,"minecraft:grass":299,"minecraft:oak_log":100,"minecraft:sand":773,"minecraft:dirt":362,"minecraft:netherrack":244,"minecraft:piston":5,"minecraft:oak_leaves":8,"minecraft:nether_gold_ore":16,"minecraft:tube_coral":1,"minecraft:diamond_ore":9,"minecraft:shulker_box":4,"minecraft:end_stone":269,"minecraft:ladder":3,"minecraft:lever":1,"minecraft:tube_coral_wall_fan":4,"minecraft:stone_button":1,"minecraft:horn_coral_wall_fan":1,"minecraft:sandstone":11,"minecraft:hay_block":24,"minecraft:redstone_ore":66,"minecraft:furnace":1,"minecraft:carrots":128,"minecraft:andesite":373,"minecraft:potatoes":38,"minecraft:cobblestone_slab":5,"minecraft:rail":4,"minecraft:brain_coral_wall_fan":4,"minecraft:stone":452,"minecraft:brain_coral":1,"minecraft:acacia_leaves":2,"minecraft:redstone_block":13,"minecraft:observer":4,"minecraft:polished_granite":1,"minecraft:crafting_table":3,"minecraft:tall_grass":59,"minecraft:lapis_ore":7,"minecraft:diorite":405,"minecraft:birch_planks":5,"minecraft:sea_pickle":1,"minecraft:ice":1,"minecraft:coal_ore":287,"minecraft:end_rod":1,"minecraft:bubble_coral_wall_fan":2,"minecraft:gravel":98,"minecraft:terracotta":1,"minecraft:acacia_planks":37,"minecraft:gold_ore":11}},"DataVersion":2584}