{"stats":{"minecraft:crafted":{"minecraft:stone_pickaxe":1,"minecraft:bread":26},"minecraft:mined":{"minecraft:redstone_ore":10,"minecraft:birch_log":4,"minecraft:iron_ore":2,"minecraft:wheat":80,"minecraft:andesite":1,"minecraft:torch":1,"minecraft:granite":13,"minecraft:grass":13,"minecraft:grass_block":2,"minecraft:oak_log":6,"minecraft:sand":1,"minecraft:tall_grass":2,"minecraft:cobblestone":2,"minecraft:stone":130,"minecraft:gold_ore":4,"minecraft:diorite":18},"minecraft:dropped":{"minecraft:dirt":1,"minecraft:wheat_seeds":1,"minecraft:diorite":1,"minecraft:stick":1},"minecraft:custom":{"minecraft:time_since_rest":8004,"minecraft:sprint_one_cm":105890,"minecraft:damage_taken":2136,"minecraft:walk_one_cm":62247,"minecraft:mob_kills":2,"minecraft:drop":4,"minecraft:damage_dealt":493,"minecraft:interact_with_crafting_table":10,"minecraft:fly_one_cm":131840,"minecraft:open_chest":46,"minecraft:play_one_minute":29479,"minecraft:crouch_one_cm":2196,"minecraft:interact_with_loom":1,"minecraft:deaths":6,"minecraft:sneak_time":1109,"minecraft:jump":562,"minecraft:leave_game":24,"minecraft:time_since_death":6287,"minecraft:walk_on_water_one_cm":216,"minecraft:climb_one_cm":2152,"minecraft:fall_one_cm":19780},"minecraft:killed_by":{"minecraft:player":1,"minecraft:skeleton":1,"minecraft:zombie":2},"minecraft:killed":{"minecraft:zombie":2},"minecraft:picked_up":{"minecraft:birch_log":4,"minecraft:stick":4,"minecraft:wheat":80,"minecraft:stone":4,"minecraft:andesite":2,"minecraft:sand":1,"minecraft:oak_log":6,"minecraft:diorite":13,"minecraft:gold_ore":4,"minecraft:redstone":43,"minecraft:dirt":2,"minecraft:rotten_flesh":2,"minecraft:wheat_seeds":217,"minecraft:granite":13,"minecraft:iron_ore":1,"minecraft:iron_pickaxe":1,"minecraft:cobblestone":117},"minecraft:used":{"minecraft:wheat_seeds":80,"minecraft:stone_pickaxe":42,"minecraft:bread":3,"minecraft:iron_pickaxe":134,"minecraft:wooden_pickaxe":4,"minecraft:stone_axe":16,"minecraft:dirt":1,"minecraft:sand":1,"minecraft:cobblestone":25,"minecraft:birch_log":1}},"DataVersion":2584}