{"stats":{"minecraft:used":{"minecraft:iron_shovel":277,"minecraft:shield":329,"minecraft:ladder":70,"minecraft:chest":105,"minecraft:stone":2273,"minecraft:iron_sword":1410,"minecraft:rotten_flesh":15,"minecraft:soul_sand":1,"minecraft:mutton":5,"minecraft:carrot":512,"minecraft:obsidian":21,"minecraft:glass":178,"minecraft:lava_bucket":60,"minecraft:villager_spawn_egg":11,"minecraft:grass_block":21,"minecraft:birch_sapling":1,"minecraft:hopper_minecart":3,"minecraft:stone_bricks":89,"minecraft:repeater":18,"minecraft:magma_block":99,"minecraft:bow":1891,"minecraft:oak_sapling":60,"minecraft:furnace":4,"minecraft:cooked_cod":3,"minecraft:egg":2,"minecraft:diorite":335,"minecraft:dropper":4,"minecraft:oak_planks":152,"minecraft:stone_pickaxe":2633,"minecraft:powered_rail":1719,"minecraft:cactus":1,"minecraft:ender_pearl":20,"minecraft:wooden_pickaxe":118,"minecraft:sandstone":90,"minecraft:redstone_block":66,"minecraft:diamond_axe":232,"minecraft:sand":10083,"minecraft:blue_ice":1,"minecraft:black_bed":4,"minecraft:note_block":1,"minecraft:end_stone":457,"minecraft:birch_fence":18,"minecraft:sticky_piston":45,"minecraft:redstone_torch":160,"minecraft:lever":47,"minecraft:blue_glazed_terracotta":7,"minecraft:crying_obsidian":1,"minecraft:birch_fence_gate":2,"minecraft:acacia_door":1,"minecraft:bread":38,"minecraft:diamond_ore":2,"minecraft:polished_granite":8,"minecraft:gravel":10,"minecraft:diamond_sword":1409,"minecraft:wooden_sword":102,"minecraft:andesite":142,"minecraft:netherite_sword":100,"minecraft:oak_fence":26,"minecraft:bone_meal":71,"minecraft:flint_and_steel":111,"minecraft:carved_pumpkin":4,"minecraft:stone_shovel":261,"minecraft:redstone":15,"minecraft:zombie_villager_spawn_egg":2,"minecraft:ender_chest":5,"minecraft:cooked_chicken":17,"minecraft:netherrack":661,"minecraft:torch":1577,"minecraft:dragon_egg":1,"minecraft:brewing_stand":1,"minecraft:dirt":133,"minecraft:white_carpet":239,"minecraft:hopper":98,"minecraft:cobblestone_wall":12,"minecraft:golden_shovel":75,"minecraft:polished_diorite":10,"minecraft:shulker_box":13,"minecraft:granite":6,"minecraft:shroomlight":8,"minecraft:birch_door":8,"minecraft:wooden_axe":296,"minecraft:bookshelf":11,"minecraft:iron_block":27,"minecraft:iron_axe":294,"minecraft:slime_block":206,"minecraft:glowstone":12,"minecraft:beef":22,"minecraft:iron_trapdoor":28,"minecraft:trapped_chest":11,"minecraft:netherite_pickaxe":475,"minecraft:minecart":48,"minecraft:cooked_beef":57,"minecraft:observer":94,"minecraft:stone_pressure_plate":1,"minecraft:dead_bubble_coral_fan":6,"minecraft:acacia_planks":18,"minecraft:wheat_seeds":430,"minecraft:cooked_mutton":23,"minecraft:water_bucket":348,"minecraft:birch_planks":29,"minecraft:bubble_coral_fan":1,"minecraft:stonecutter":1,"minecraft:green_bed":26,"minecraft:cobblestone_slab":130,"minecraft:salmon":2,"minecraft:rail":295,"minecraft:comparator":3,"minecraft:tnt":5,"minecraft:crafting_table":13,"minecraft:birch_sign":42,"minecraft:oak_slab":6,"minecraft:red_bed":1,"minecraft:white_bed":19,"minecraft:cod":5,"minecraft:piston":84,"minecraft:acacia_stairs":37,"minecraft:diamond_pickaxe":39378,"minecraft:apple":1,"minecraft:diamond_shovel":1209,"minecraft:chicken":5,"minecraft:oak_button":1,"minecraft:iron_pickaxe":2232,"minecraft:detector_rail":5,"minecraft:stone_slab":153,"minecraft:stone_axe":715,"minecraft:fishing_rod":164,"minecraft:cobblestone":2509,"minecraft:acacia_pressure_plate":1,"minecraft:porkchop":5,"minecraft:white_banner":2,"minecraft:cooked_porkchop":90,"minecraft:bucket":311},"minecraft:picked_up":{"minecraft:seagrass":2,"minecraft:wheat":276,"minecraft:redstone_block":140,"minecraft:ender_chest":4,"minecraft:lead":2,"minecraft:stone_slab":28,"minecraft:diamond_sword":2,"minecraft:golden_shovel":1,"minecraft:gilded_blackstone":1,"minecraft:stone_brick_stairs":9,"minecraft:brewing_stand":1,"minecraft:string":83,"minecraft:sticky_piston":12,"minecraft:netherite_ingot":1,"minecraft:pufferfish":17,"minecraft:shroomlight":10,"minecraft:sea_pickle":17,"minecraft:gold_nugget":436,"minecraft:comparator":1,"minecraft:bucket":5,"minecraft:rose_bush":1,"minecraft:redstone_torch":18,"minecraft:cobblestone_slab":3,"minecraft:iron_pickaxe":2,"minecraft:furnace":1,"minecraft:diamond_ore":2,"minecraft:golden_helmet":1,"minecraft:stick":166,"minecraft:jungle_door":2,"minecraft:composter":2,"minecraft:oak_fence":10,"minecraft:green_bed":3,"minecraft:torch":184,"minecraft:acacia_log":68,"minecraft:purpur_pillar":11,"minecraft:porkchop":39,"minecraft:diorite":732,"minecraft:golden_chestplate":5,"minecraft:nether_gold_ore":1,"minecraft:cactus":34,"minecraft:rotten_flesh":283,"minecraft:tropical_fish":1,"minecraft:glowstone":56,"minecraft:bookshelf":13,"minecraft:end_rod":15,"minecraft:blaze_rod":1,"minecraft:obsidian":43,"minecraft:cod":49,"minecraft:cobblestone":7671,"minecraft:birch_log":34,"minecraft:magma_block":513,"minecraft:feather":6,"minecraft:cooked_beef":3,"minecraft:water_bucket":1,"minecraft:iron_door":3,"minecraft:birch_slab":2,"minecraft:andesite":434,"minecraft:black_bed":3,"minecraft:smoker":1,"minecraft:flint":231,"minecraft:lapis_lazuli":241,"minecraft:dirt":457,"minecraft:leather_boots":2,"minecraft:glass":1,"minecraft:bone":101,"minecraft:acacia_planks":2,"minecraft:bow":10,"minecraft:wheat_seeds":779,"minecraft:mossy_stone_bricks":2,"minecraft:glowstone_dust":20,"minecraft:powered_rail":74,"minecraft:oak_planks":219,"minecraft:cooked_porkchop":74,"minecraft:dropper":1,"minecraft:sand":4081,"minecraft:grass_block":9,"minecraft:diamond_block":1,"minecraft:acacia_stairs":5,"minecraft:spectral_arrow":21,"minecraft:shulker_box":14,"minecraft:diamond":56,"minecraft:slime_block":25,"minecraft:lever":12,"minecraft:crossbow":1,"minecraft:granite":996,"minecraft:bone_meal":6,"minecraft:golden_apple":1,"minecraft:chainmail_helmet":1,"minecraft:bread":3,"minecraft:oak_sapling":42,"minecraft:netherrack":1967,"minecraft:crimson_roots":6,"minecraft:diamond_pickaxe":7,"minecraft:end_stone_bricks":2,"minecraft:fishing_rod":1,"minecraft:charcoal":64,"minecraft:coarse_dirt":2,"minecraft:crafting_table":5,"minecraft:chicken":9,"minecraft:azure_bluet":1,"minecraft:splash_potion":1,"minecraft:ladder":45,"minecraft:leather_leggings":1,"minecraft:gold_block":1,"minecraft:purpur_block":9,"minecraft:shield":4,"minecraft:red_bed":1,"minecraft:elytra":1,"minecraft:wooden_sword":2,"minecraft:white_carpet":2392,"minecraft:iron_shovel":4,"minecraft:blackstone":68,"minecraft:cracked_stone_bricks":9,"minecraft:beef":121,"minecraft:observer":12,"minecraft:poppy":14,"minecraft:light_gray_wool":1,"minecraft:minecart":34,"minecraft:piston":14,"minecraft:sugar_cane":15,"minecraft:chest":22,"minecraft:birch_sapling":7,"minecraft:egg":24,"minecraft:sandstone":184,"minecraft:end_stone":451,"minecraft:stone":2268,"minecraft:bowl":1,"minecraft:carrot":264,"minecraft:redstone":579,"minecraft:netherite_pickaxe":4,"minecraft:stone_pressure_plate":1,"minecraft:tnt":11,"minecraft:arrow":91,"minecraft:weeping_vines":5,"minecraft:stone_shovel":1,"minecraft:tube_coral_fan":2,"minecraft:purpur_slab":2,"minecraft:mutton":42,"minecraft:rail":86,"minecraft:white_wool":18,"minecraft:oxeye_daisy":4,"minecraft:tripwire_hook":4,"minecraft:salmon":11,"minecraft:leather":67,"minecraft:cut_sandstone":8,"minecraft:ice":132,"minecraft:oak_log":251,"minecraft:chainmail_chestplate":1,"minecraft:lily_pad":2,"minecraft:ancient_debris":2,"minecraft:golden_boots":2,"minecraft:cobblestone_wall":2,"minecraft:gunpowder":44,"minecraft:white_banner":3,"minecraft:cooked_mutton":11,"minecraft:smooth_sandstone":5,"minecraft:apple":2,"minecraft:stone_bricks":17,"minecraft:iron_ingot":26,"minecraft:stone_pickaxe":1,"minecraft:iron_ore":454,"minecraft:iron_sword":3,"minecraft:oak_slab":9,"minecraft:stone_brick_slab":15,"minecraft:quartz":615,"minecraft:dandelion":6,"minecraft:gravel":278,"minecraft:white_bed":16,"minecraft:gold_ore":64,"minecraft:crying_obsidian":2,"minecraft:mossy_stone_brick_slab":1,"minecraft:spider_eye":22,"minecraft:dragon_egg":1,"minecraft:leather_helmet":1,"minecraft:diamond_shovel":2,"minecraft:coal_ore":17,"minecraft:slime_ball":2182,"minecraft:stone_axe":1,"minecraft:oak_button":1,"minecraft:black_wool":1,"minecraft:coal":939,"minecraft:hopper":1,"minecraft:shulker_shell":3,"minecraft:ender_pearl":32},"minecraft:crafted":{"minecraft:ender_chest":2,"minecraft:oak_planks":920,"minecraft:acacia_pressure_plate":1,"minecraft:blaze_powder":2,"minecraft:cooked_chicken":8,"minecraft:slime_block":659,"minecraft:stone":354,"minecraft:diamond_shovel":1,"minecraft:lever":36,"minecraft:nether_brick":2,"minecraft:cooked_mutton":23,"minecraft:shulker_box":1,"minecraft:quartz_block":14,"minecraft:glass":84,"minecraft:hopper":21,"minecraft:diamond_helmet":1,"minecraft:diamond_leggings":1,"minecraft:bow":13,"minecraft:iron_boots":4,"minecraft:comparator":13,"minecraft:chest":69,"minecraft:rail":48,"minecraft:ender_eye":2,"minecraft:oak_fence":21,"minecraft:golden_boots":2,"minecraft:cooked_porkchop":34,"minecraft:crafting_table":7,"minecraft:wooden_pickaxe":2,"minecraft:iron_helmet":4,"minecraft:sticky_piston":45,"minecraft:hopper_minecart":8,"minecraft:birch_planks":196,"minecraft:iron_chestplate":5,"minecraft:diamond_pickaxe":12,"minecraft:golden_leggings":2,"minecraft:charcoal":11,"minecraft:shield":7,"minecraft:stone_slab":100,"minecraft:birch_fence":12,"minecraft:stick":803,"minecraft:iron_pickaxe":20,"minecraft:iron_ingot":286,"minecraft:iron_block":538,"minecraft:stone_sword":1,"minecraft:acacia_door":3,"minecraft:gold_ingot":63,"minecraft:redstone_torch":274,"minecraft:wooden_sword":3,"minecraft:redstone":261,"minecraft:stone_shovel":3,"minecraft:fishing_rod":7,"minecraft:netherite_sword":1,"minecraft:golden_chestplate":2,"minecraft:furnace":11,"minecraft:bone_meal":192,"minecraft:white_carpet":12,"minecraft:flint_and_steel":2,"minecraft:diamond":9,"minecraft:iron_axe":2,"minecraft:ladder":36,"minecraft:slime_ball":72,"minecraft:stone_pickaxe":21,"minecraft:diamond_boots":1,"minecraft:redstone_block":75,"minecraft:golden_helmet":2,"minecraft:minecart":8,"minecraft:cooked_beef":11,"minecraft:diamond_sword":1,"minecraft:iron_trapdoor":2,"minecraft:powered_rail":6,"minecraft:iron_sword":9,"minecraft:bucket":5,"minecraft:acacia_stairs":36,"minecraft:stone_axe":8,"minecraft:bread":65,"minecraft:air":0,"minecraft:wooden_axe":6,"minecraft:iron_shovel":1,"minecraft:iron_leggings":3,"minecraft:stonecutter":1,"minecraft:white_bed":2,"minecraft:acacia_planks":256,"minecraft:torch":1238,"minecraft:diamond_chestplate":2},"minecraft:killed":{"minecraft:zombified_piglin":23,"minecraft:witch":1,"minecraft:spider":53,"minecraft:cod":4,"minecraft:shulker":3,"minecraft:skeleton":76,"minecraft:chicken":12,"minecraft:turtle":2,"minecraft:piglin":31,"minecraft:pig":20,"minecraft:zombie_villager":6,"minecraft:iron_golem":6,"minecraft:ender_dragon":1,"minecraft:creeper":47,"minecraft:sheep":30,"minecraft:trader_llama":3,"minecraft:pillager":7,"minecraft:zombie":228,"minecraft:ghast":5,"minecraft:cow":58,"minecraft:slime":873,"minecraft:phantom":3,"minecraft:horse":2,"minecraft:drowned":4,"minecraft:husk":14,"minecraft:hoglin":31,"minecraft:squid":7,"minecraft:villager":4,"minecraft:enderman":110},"minecraft:custom":{"minecraft:interact_with_crafting_table":251,"minecraft:open_shulker_box":54,"minecraft:leave_game":77,"minecraft:time_since_death":599448,"minecraft:sprint_one_cm":1762671,"minecraft:damage_blocked_by_shield":16642,"minecraft:drop":4875,"minecraft:talked_to_villager":23,"minecraft:deaths":310,"minecraft:jump":30957,"minecraft:interact_with_brewingstand":2,"minecraft:enchant_item":82,"minecraft:walk_on_water_one_cm":398535,"minecraft:interact_with_furnace":260,"minecraft:interact_with_cartography_table":1,"minecraft:play_one_minute":7616711,"minecraft:sleep_in_bed":73,"minecraft:open_enderchest":13,"minecraft:damage_dealt":109720,"minecraft:player_kills":38,"minecraft:crouch_one_cm":668483,"minecraft:interact_with_smithing_table":3,"minecraft:inspect_dispenser":3,"minecraft:horse_one_cm":14653,"minecraft:inspect_dropper":6,"minecraft:interact_with_anvil":40,"minecraft:mob_kills":1728,"minecraft:inspect_hopper":117,"minecraft:climb_one_cm":268444,"minecraft:walk_one_cm":14890516,"minecraft:sneak_time":351416,"minecraft:walk_under_water_one_cm":432587,"minecraft:boat_one_cm":40147,"minecraft:tune_noteblock":119,"minecraft:interact_with_stonecutter":1,"minecraft:interact_with_grindstone":27,"minecraft:time_since_rest":22,"minecraft:damage_taken":119382,"minecraft:trigger_trapped_chest":35,"minecraft:minecart_one_cm":1258572,"minecraft:swim_one_cm":66348,"minecraft:fly_one_cm":15235439,"minecraft:open_chest":1968,"minecraft:fish_caught":67,"minecraft:fall_one_cm":982830},"minecraft:dropped":{"minecraft:gold_ore":11,"minecraft:iron_sword":4,"minecraft:piston":3,"minecraft:birch_planks":12,"minecraft:ender_pearl":2,"minecraft:glass_bottle":1,"minecraft:diamond":14,"minecraft:cooked_porkchop":18,"minecraft:weeping_vines":4,"minecraft:leather":10,"minecraft:rail":1,"minecraft:dirt":83,"minecraft:crimson_roots":4,"minecraft:seagrass":1,"minecraft:gold_nugget":36,"minecraft:wooden_sword":1,"minecraft:sand":5136,"minecraft:iron_pickaxe":4,"minecraft:white_wool":1,"minecraft:bone":68,"minecraft:gravel":141,"minecraft:stone_axe":1,"minecraft:purpur_block":9,"minecraft:blackstone":12,"minecraft:sugar_cane":5,"minecraft:lever":6,"minecraft:wheat":6,"minecraft:birch_sapling":3,"minecraft:rotten_flesh":182,"minecraft:oak_planks":69,"minecraft:diamond_shovel":1,"minecraft:end_stone":14,"minecraft:cooked_mutton":22,"minecraft:golden_shovel":2,"minecraft:carrot":5,"minecraft:shulker_shell":1,"minecraft:poppy":10,"minecraft:gunpowder":52,"minecraft:chest":1,"minecraft:ladder":2,"minecraft:glass":4,"minecraft:end_stone_bricks":2,"minecraft:powered_rail":5,"minecraft:quartz":2,"minecraft:netherrack":664,"minecraft:egg":3,"minecraft:water_bucket":1,"minecraft:iron_ingot":4,"minecraft:oak_slab":1,"minecraft:netherite_pickaxe":4,"minecraft:wheat_seeds":27,"minecraft:minecart":1,"minecraft:purpur_slab":2,"minecraft:cobblestone":2321,"minecraft:apple":1,"minecraft:granite":413,"minecraft:grass_block":1,"minecraft:coal":39,"minecraft:end_rod":15,"minecraft:stick":13,"minecraft:pufferfish":7,"minecraft:oxeye_daisy":4,"minecraft:lava_bucket":1,"minecraft:iron_block":4,"minecraft:diorite":168,"minecraft:iron_trapdoor":1,"minecraft:torch":5,"minecraft:iron_shovel":3,"minecraft:string":27,"minecraft:smooth_sandstone":3,"minecraft:tripwire_hook":3,"minecraft:lily_pad":1,"minecraft:bucket":5,"minecraft:acacia_planks":1,"minecraft:redstone_block":63,"minecraft:dandelion":3,"minecraft:redstone":1,"minecraft:purpur_pillar":11,"minecraft:furnace":7,"minecraft:sticky_piston":2,"minecraft:composter":1,"minecraft:white_carpet":477,"minecraft:light_gray_wool":1,"minecraft:villager_spawn_egg":1,"minecraft:slime_block":1,"minecraft:stone_slab":7,"minecraft:shulker_box":1,"minecraft:diamond_sword":1,"minecraft:cobblestone_slab":3,"minecraft:shroomlight":2,"minecraft:stone":1488,"minecraft:shield":3,"minecraft:diamond_pickaxe":8,"minecraft:andesite":126,"minecraft:oak_sapling":1,"minecraft:redstone_torch":1,"minecraft:stone_pressure_plate":1,"minecraft:stone_bricks":1,"minecraft:spider_eye":7,"minecraft:slime_ball":391,"minecraft:sandstone":81,"minecraft:bow":9,"minecraft:stone_pickaxe":1,"minecraft:magma_block":1},"minecraft:killed_by":{"minecraft:ghast":1,"minecraft:zombie_villager":4,"minecraft:zombified_piglin":3,"minecraft:creeper":23,"minecraft:pillager":1,"minecraft:drowned":1,"minecraft:piglin":7,"minecraft:zombie":53,"minecraft:husk":5,"minecraft:player":32,"minecraft:spider":4,"minecraft:enderman":12,"minecraft:iron_golem":1,"minecraft:ender_dragon":11,"minecraft:slime":5,"minecraft:shulker":2,"minecraft:hoglin":9,"minecraft:skeleton":28,"minecraft:phantom":1},"minecraft:broken":{"minecraft:golden_helmet":3,"minecraft:iron_shovel":1,"minecraft:golden_boots":3,"minecraft:iron_boots":2,"minecraft:iron_chestplate":1,"minecraft:iron_leggings":2,"minecraft:stone_pickaxe":20,"minecraft:chainmail_chestplate":1,"minecraft:wooden_sword":1,"minecraft:stone_axe":6,"minecraft:iron_sword":1,"minecraft:wooden_axe":6,"minecraft:fishing_rod":1,"minecraft:stone_shovel":2,"minecraft:golden_chestplate":3,"minecraft:flint_and_steel":1,"minecraft:chainmail_helmet":1,"minecraft:wooden_pickaxe":2,"minecraft:shield":4,"minecraft:iron_pickaxe":6,"minecraft:iron_helmet":3},"minecraft:mined":{"minecraft:dragon_wall_head":1,"minecraft:stone_pressure_plate":1,"minecraft:white_bed":21,"minecraft:oak_sapling":2,"minecraft:mossy_stone_brick_slab":1,"minecraft:brewing_stand":1,"minecraft:obsidian":181,"minecraft:granite":2052,"minecraft:acacia_log":80,"minecraft:grass_block":77,"minecraft:purpur_slab":2,"minecraft:polished_diorite":1,"minecraft:composter":1,"minecraft:hopper":1,"minecraft:oxeye_daisy":4,"minecraft:weeping_vines_plant":2,"minecraft:tall_seagrass":2,"minecraft:magma_block":747,"minecraft:glowstone":71,"minecraft:iron_ore":524,"minecraft:sticky_piston":7,"minecraft:fire":31,"minecraft:azure_bluet":4,"minecraft:white_banner":1,"minecraft:iron_block":1,"minecraft:green_bed":3,"minecraft:piston_head":1,"minecraft:cut_sandstone":12,"minecraft:red_bed":1,"minecraft:blackstone":58,"minecraft:crimson_nylium":11,"minecraft:smoker":1,"minecraft:torch":57,"minecraft:poppy":2,"minecraft:chest":23,"minecraft:glass":4,"minecraft:nether_quartz_ore":377,"minecraft:cobblestone":623,"minecraft:slime_block":19,"minecraft:oak_planks":28,"minecraft:sugar_cane":14,"minecraft:iron_door":5,"minecraft:wall_torch":62,"minecraft:seagrass":6,"minecraft:warped_nylium":4,"minecraft:powered_rail":54,"minecraft:birch_log":34,"minecraft:wheat":324,"minecraft:tnt":10,"minecraft:purpur_block":13,"minecraft:black_bed":3,"minecraft:stone_brick_stairs":9,"minecraft:grass":345,"minecraft:oak_log":253,"minecraft:sand":578,"minecraft:dirt":664,"minecraft:dispenser":1,"minecraft:ancient_debris":2,"minecraft:netherrack":3348,"minecraft:piston":11,"minecraft:oak_leaves":394,"minecraft:crying_obsidian":2,"minecraft:nether_gold_ore":104,"minecraft:diamond_ore":24,"minecraft:end_stone":459,"minecraft:shulker_box":13,"minecraft:lever":6,"minecraft:ladder":6,"minecraft:crimson_roots":12,"minecraft:weeping_vines":1,"minecraft:redstone_wire":2,"minecraft:birch_slab":3,"minecraft:sandstone":165,"minecraft:redstone_ore":119,"minecraft:furnace":1,"minecraft:carrots":62,"minecraft:acacia_stairs":5,"minecraft:andesite":2296,"minecraft:gold_block":1,"minecraft:mossy_stone_brick_stairs":1,"minecraft:bookshelf":13,"minecraft:cobblestone_slab":1,"minecraft:shroomlight":11,"minecraft:rail":66,"minecraft:stone":29392,"minecraft:ender_chest":6,"minecraft:redstone_wall_torch":13,"minecraft:oak_slab":8,"minecraft:acacia_leaves":10,"minecraft:redstone_block":14,"minecraft:comparator":1,"minecraft:infested_stone_bricks":1,"minecraft:stone_brick_slab":15,"minecraft:observer":11,"minecraft:dandelion":3,"minecraft:oak_fence":3,"minecraft:smooth_sandstone":4,"minecraft:crafting_table":7,"minecraft:dropper":1,"minecraft:rose_bush":1,"minecraft:stone_slab":25,"minecraft:purpur_pillar":12,"minecraft:tall_grass":44,"minecraft:lapis_ore":32,"minecraft:diorite":2128,"minecraft:warped_wart_block":6,"minecraft:cactus":6,"minecraft:coarse_dirt":2,"minecraft:cobblestone_wall":2,"minecraft:sea_pickle":8,"minecraft:redstone_torch":4,"minecraft:ice":167,"minecraft:white_carpet":20,"minecraft:birch_leaves":47,"minecraft:dead_bubble_coral_fan":1,"minecraft:white_wall_banner":1,"minecraft:coal_ore":936,"minecraft:end_rod":18,"minecraft:gravel":679,"minecraft:cracked_stone_bricks":10,"minecraft:acacia_planks":2,"minecraft:stone_bricks":14,"minecraft:mossy_stone_bricks":2,"minecraft:gold_ore":53}},"DataVersion":2584}