{"stats":{"minecraft:crafted":{"minecraft:oak_planks":24,"minecraft:acacia_pressure_plate":1,"minecraft:furnace":2,"minecraft:slime_block":4,"minecraft:piston":1,"minecraft:lever":1,"minecraft:diamond_shovel":1,"minecraft:hopper":2,"minecraft:iron_boots":1,"minecraft:ladder":3,"minecraft:stone_pickaxe":8,"minecraft:chest":8,"minecraft:acacia_fence":3,"minecraft:rail":16,"minecraft:stone_hoe":1,"minecraft:observer":2,"minecraft:diamond_sword":1,"minecraft:iron_trapdoor":1,"minecraft:crafting_table":1,"minecraft:powered_rail":6,"minecraft:iron_helmet":1,"minecraft:sticky_piston":1,"minecraft:bucket":1,"minecraft:birch_planks":8,"minecraft:stone_axe":2,"minecraft:bread":52,"minecraft:iron_chestplate":1,"minecraft:diamond_pickaxe":1,"minecraft:acacia_sign":3,"minecraft:stick":60,"minecraft:iron_ingot":67,"minecraft:iron_pickaxe":6,"minecraft:iron_leggings":1,"minecraft:gold_ingot":19,"minecraft:note_block":1,"minecraft:acacia_planks":124,"minecraft:torch":24},"minecraft:killed":{"minecraft:spider":4,"minecraft:slime":115,"minecraft:skeleton":4,"minecraft:piglin":1,"minecraft:husk":1,"minecraft:pig":2,"minecraft:zombie_villager":1,"minecraft:sheep":2,"minecraft:zombie":20},"minecraft:used":{"minecraft:acacia_log":2,"minecraft:ladder":5,"minecraft:chest":10,"minecraft:stone_hoe":7,"minecraft:torch":28,"minecraft:dirt":28,"minecraft:hopper":4,"minecraft:granite":11,"minecraft:shroomlight":1,"minecraft:slime_block":7,"minecraft:crimson_roots":5,"minecraft:furnace":3,"minecraft:acacia_fence":1,"minecraft:acacia_planks":6,"minecraft:observer":5,"minecraft:wheat_seeds":209,"minecraft:water_bucket":3,"minecraft:diorite":17,"minecraft:powered_rail":2,"minecraft:stone_pickaxe":947,"minecraft:rail":2,"minecraft:crafting_table":5,"minecraft:note_block":1,"minecraft:sticky_piston":3,"minecraft:lever":2,"minecraft:diamond_pickaxe":176,"minecraft:diamond_shovel":58,"minecraft:acacia_sign":1,"minecraft:bread":19,"minecraft:iron_pickaxe":1652,"minecraft:stone_axe":68,"minecraft:diamond_sword":202,"minecraft:cobblestone":215,"minecraft:wooden_sword":29,"minecraft:potion":1,"minecraft:acacia_pressure_plate":1,"minecraft:andesite":37,"minecraft:bucket":3},"minecraft:picked_up":{"minecraft:crafting_table":4,"minecraft:wheat":162,"minecraft:iron_trapdoor":2,"minecraft:ladder":2,"minecraft:acacia_pressure_plate":2,"minecraft:potion":1,"minecraft:string":8,"minecraft:wooden_sword":3,"minecraft:sticky_piston":2,"minecraft:shroomlight":1,"minecraft:gold_nugget":18,"minecraft:bucket":2,"minecraft:acacia_sign":5,"minecraft:observer":3,"minecraft:sugar_cane":133,"minecraft:chest":6,"minecraft:furnace":1,"minecraft:stick":8,"minecraft:stone":128,"minecraft:acacia_fence":7,"minecraft:torch":8,"minecraft:acacia_log":212,"minecraft:note_block":3,"minecraft:porkchop":9,"minecraft:diorite":189,"minecraft:carrot":19,"minecraft:redstone":89,"minecraft:arrow":12,"minecraft:rotten_flesh":22,"minecraft:chorus_flower":1,"minecraft:rail":23,"minecraft:obsidian":3,"minecraft:snowball":5,"minecraft:white_wool":6,"minecraft:cobblestone":3536,"minecraft:birch_log":2,"minecraft:water_bucket":1,"minecraft:andesite":349,"minecraft:potato":6,"minecraft:oak_log":6,"minecraft:gunpowder":3,"minecraft:lapis_lazuli":47,"minecraft:dirt":317,"minecraft:bone":14,"minecraft:acacia_planks":27,"minecraft:bow":1,"minecraft:wheat_seeds":262,"minecraft:iron_ingot":7,"minecraft:iron_ore":80,"minecraft:glowstone_dust":78,"minecraft:powered_rail":112,"minecraft:oak_planks":4,"minecraft:quartz":12,"minecraft:dandelion":9,"minecraft:sand":3,"minecraft:gold_ore":46,"minecraft:leather_helmet":1,"minecraft:slime_block":3,"minecraft:slime_ball":128,"minecraft:diamond":12,"minecraft:stone_axe":4,"minecraft:lever":1,"minecraft:granite":252,"minecraft:bone_meal":36,"minecraft:chorus_fruit":80,"minecraft:netherrack":51,"minecraft:coal":205,"minecraft:hopper":3,"minecraft:crimson_roots":10,"minecraft:diamond_pickaxe":1},"minecraft:mined":{"minecraft:nether_gold_ore":2,"minecraft:diamond_ore":12,"minecraft:obsidian":1,"minecraft:lever":1,"minecraft:granite":76,"minecraft:acacia_log":35,"minecraft:grass_block":20,"minecraft:crimson_roots":5,"minecraft:hopper":2,"minecraft:acacia_pressure_plate":1,"minecraft:redstone_ore":17,"minecraft:glowstone":8,"minecraft:furnace":1,"minecraft:sticky_piston":2,"minecraft:iron_ore":67,"minecraft:fire":2,"minecraft:andesite":164,"minecraft:shroomlight":1,"minecraft:rail":2,"minecraft:chorus_plant":11,"minecraft:stone":1981,"minecraft:acacia_leaves":6,"minecraft:crimson_nylium":12,"minecraft:observer":3,"minecraft:fire_coral":1,"minecraft:crafting_table":4,"minecraft:torch":2,"minecraft:note_block":1,"minecraft:chest":3,"minecraft:nether_quartz_ore":12,"minecraft:cobblestone":81,"minecraft:slime_block":5,"minecraft:lapis_ore":7,"minecraft:sugar_cane":67,"minecraft:oak_planks":4,"minecraft:diorite":75,"minecraft:wall_torch":1,"minecraft:birch_log":2,"minecraft:wheat":158,"minecraft:grass":12,"minecraft:oak_log":6,"minecraft:coal_ore":144,"minecraft:acacia_fence":1,"minecraft:sand":2,"minecraft:dirt":125,"minecraft:acacia_planks":2,"minecraft:netherrack":5,"minecraft:gold_ore":28,"minecraft:oak_leaves":1},"minecraft:killed_by":{"minecraft:creeper":4,"minecraft:enderman":2,"minecraft:slime":1,"minecraft:piglin":2,"minecraft:skeleton":5,"minecraft:zombie":5},"minecraft:dropped":{"minecraft:gold_ore":9,"minecraft:porkchop":3,"minecraft:wheat_seeds":12,"minecraft:cobblestone":713,"minecraft:granite":38,"minecraft:acacia_log":154,"minecraft:stick":8,"minecraft:acacia_sign":2,"minecraft:dirt":130,"minecraft:diorite":10,"minecraft:iron_trapdoor":1,"minecraft:torch":1,"minecraft:snowball":5,"minecraft:gold_nugget":9,"minecraft:wooden_sword":2,"minecraft:bone_meal":18,"minecraft:string":3,"minecraft:white_wool":2,"minecraft:bucket":1,"minecraft:acacia_planks":21,"minecraft:dandelion":9,"minecraft:bone":4,"minecraft:note_block":1,"minecraft:stone_axe":2,"minecraft:sugar_cane":1,"minecraft:wheat":3,"minecraft:obsidian":1,"minecraft:glowstone_dust":26,"minecraft:stone":64,"minecraft:chest":2,"minecraft:powered_rail":116,"minecraft:bow":1,"minecraft:acacia_fence":3,"minecraft:netherrack":17},"minecraft:custom":{"minecraft:mob_kills":150,"minecraft:inspect_hopper":1,"minecraft:interact_with_crafting_table":71,"minecraft:leave_game":5,"minecraft:time_since_death":2396,"minecraft:climb_one_cm":38916,"minecraft:sprint_one_cm":443219,"minecraft:walk_one_cm":555837,"minecraft:drop":184,"minecraft:play_noteblock":1,"minecraft:deaths":34,"minecraft:sneak_time":370,"minecraft:walk_under_water_one_cm":25825,"minecraft:jump":2757,"minecraft:walk_on_water_one_cm":6472,"minecraft:interact_with_furnace":21,"minecraft:play_one_minute":254068,"minecraft:sleep_in_bed":1,"minecraft:time_since_rest":2433,"minecraft:damage_taken":9644,"minecraft:damage_dealt":8874,"minecraft:swim_one_cm":39905,"minecraft:fly_one_cm":718892,"minecraft:open_chest":120,"minecraft:crouch_one_cm":150,"minecraft:fall_one_cm":100981},"minecraft:broken":{"minecraft:stone_pickaxe":7,"minecraft:iron_pickaxe":6,"minecraft:iron_helmet":1}},"DataVersion":2584}