{"stats":{"minecraft:crafted":{"minecraft:oak_planks":256,"minecraft:crafting_table":5,"minecraft:iron_helmet":1,"minecraft:furnace":2,"minecraft:bucket":2,"minecraft:oak_boat":1,"minecraft:iron_chestplate":1,"minecraft:shield":1,"minecraft:iron_axe":1,"minecraft:stick":12,"minecraft:stone_pickaxe":1,"minecraft:chest":7,"minecraft:iron_shovel":1,"minecraft:iron_leggings":1,"minecraft:white_bed":1,"minecraft:birch_sign":3},"minecraft:killed":{"minecraft:husk":1,"minecraft:spider":2,"minecraft:slime":1,"minecraft:hoglin":2,"minecraft:sheep":2,"minecraft:skeleton":3,"minecraft:zombie":11,"minecraft:ghast":1,"minecraft:enderman":1},"minecraft:picked_up":{"minecraft:crafting_table":1,"minecraft:wheat":22,"minecraft:andesite":16,"minecraft:crimson_stem":2,"minecraft:leather_leggings":1,"minecraft:leather":9,"minecraft:flint":1,"minecraft:oak_log":14,"minecraft:nether_wart_block":8,"minecraft:lapis_lazuli":37,"minecraft:dirt":6,"minecraft:orange_terracotta":12,"minecraft:wooden_sword":3,"minecraft:iron_shovel":4,"minecraft:bone":2,"minecraft:bow":1,"minecraft:wheat_seeds":59,"minecraft:red_sand":4,"minecraft:oak_boat":1,"minecraft:iron_ore":70,"minecraft:iron_pickaxe":1,"minecraft:sugar_cane":19,"minecraft:iron_sword":2,"minecraft:oak_planks":46,"minecraft:egg":1,"minecraft:stick":11,"minecraft:gravel":3,"minecraft:torch":1,"minecraft:porkchop":7,"minecraft:diorite":15,"minecraft:redstone":78,"minecraft:carrot":7,"minecraft:gold_ore":67,"minecraft:arrow":4,"minecraft:rotten_flesh":8,"minecraft:terracotta":16,"minecraft:granite":13,"minecraft:birch_sign":2,"minecraft:golden_apple":1,"minecraft:netherrack":143,"minecraft:obsidian":1,"minecraft:mutton":2,"minecraft:coal":96,"minecraft:sunflower":1,"minecraft:white_wool":2,"minecraft:cobblestone":452,"minecraft:ender_pearl":2},"minecraft:used":{"minecraft:wheat_seeds":20,"minecraft:water_bucket":4,"minecraft:red_sand":2,"minecraft:iron_shovel":9,"minecraft:flint_and_steel":1,"minecraft:stone_pickaxe":1,"minecraft:oak_planks":2,"minecraft:chest":7,"minecraft:shield":62,"minecraft:iron_sword":251,"minecraft:netherrack":103,"minecraft:golden_apple":1,"minecraft:crafting_table":6,"minecraft:white_bed":1,"minecraft:birch_sign":2,"minecraft:obsidian":11,"minecraft:diamond_pickaxe":90,"minecraft:lava_bucket":1,"minecraft:iron_pickaxe":600,"minecraft:iron_axe":30,"minecraft:wooden_sword":39,"minecraft:cobblestone":251,"minecraft:furnace":2,"minecraft:cooked_porkchop":18,"minecraft:orange_terracotta":6,"minecraft:bucket":6,"minecraft:oak_boat":1,"minecraft:cooked_beef":8},"minecraft:mined":{"minecraft:cut_sandstone":10,"minecraft:stone_pressure_plate":1,"minecraft:orange_terracotta":12,"minecraft:obsidian":1,"minecraft:crafting_table":1,"minecraft:torch":1,"minecraft:granite":22,"minecraft:red_sand":4,"minecraft:grass_block":1,"minecraft:tall_grass":1,"minecraft:cobblestone":10,"minecraft:lapis_ore":7,"minecraft:sugar_cane":16,"minecraft:diorite":17,"minecraft:sandstone":9,"minecraft:crimson_stem":2,"minecraft:redstone_ore":19,"minecraft:nether_wart_block":9,"minecraft:iron_ore":78,"minecraft:wheat":20,"minecraft:chiseled_sandstone":1,"minecraft:andesite":16,"minecraft:tnt":9,"minecraft:grass":6,"minecraft:coal_ore":96,"minecraft:oak_log":14,"minecraft:gravel":4,"minecraft:sunflower":1,"minecraft:dirt":8,"minecraft:terracotta":16,"minecraft:birch_sign":2,"minecraft:stone":138,"minecraft:netherrack":148,"minecraft:gold_ore":68,"minecraft:oak_leaves":2},"minecraft:killed_by":{"minecraft:piglin":1,"minecraft:hoglin":4,"minecraft:skeleton":1,"minecraft:spider":1,"minecraft:zombie":3,"minecraft:drowned":1},"minecraft:dropped":{"minecraft:iron_sword":1,"minecraft:wheat_seeds":1,"minecraft:cooked_porkchop":8,"minecraft:wheat":22,"minecraft:cobblestone":367,"minecraft:oak_planks":14,"minecraft:carrot":15,"minecraft:golden_apple":2,"minecraft:stick":15,"minecraft:dirt":64,"minecraft:diorite":1,"minecraft:torch":1,"minecraft:golden_leggings":1,"minecraft:wooden_sword":4,"minecraft:birch_sign":3,"minecraft:sunflower":1,"minecraft:stone_pickaxe":1,"minecraft:iron_shovel":5,"minecraft:white_wool":3,"minecraft:netherrack":1,"minecraft:egg":1},"minecraft:custom":{"minecraft:interact_with_furnace":3,"minecraft:interact_with_anvil":4,"minecraft:mob_kills":24,"minecraft:interact_with_crafting_table":18,"minecraft:play_one_minute":136259,"minecraft:interact_with_loom":1,"minecraft:leave_game":10,"minecraft:time_since_death":3893,"minecraft:climb_one_cm":3053,"minecraft:sleep_in_bed":2,"minecraft:time_since_rest":3921,"minecraft:damage_blocked_by_shield":1310,"minecraft:sprint_one_cm":364973,"minecraft:damage_absorbed":40,"minecraft:damage_taken":6581,"minecraft:walk_one_cm":207057,"minecraft:drop":52,"minecraft:damage_dealt":5418,"minecraft:swim_one_cm":11963,"minecraft:fly_one_cm":809618,"minecraft:open_chest":105,"minecraft:crouch_one_cm":10481,"minecraft:deaths":15,"minecraft:sneak_time":3568,"minecraft:walk_under_water_one_cm":7373,"minecraft:boat_one_cm":55560,"minecraft:jump":3074,"minecraft:walk_on_water_one_cm":13009,"minecraft:fall_one_cm":97080},"minecraft:broken":{"minecraft:leather_leggings":1}},"DataVersion":2584}