{"stats":{"minecraft:crafted":{"minecraft:oak_sign":30,"minecraft:cut_sandstone":624,"minecraft:blaze_powder":2,"minecraft:birch_boat":1,"minecraft:birch_slab":750,"minecraft:loom":1,"minecraft:lever":1,"minecraft:diamond_shovel":4,"minecraft:bookshelf":56,"minecraft:cooked_mutton":3,"minecraft:shulker_box":2,"minecraft:quartz_block":33,"minecraft:glass":58,"minecraft:diamond_helmet":2,"minecraft:diamond_leggings":2,"minecraft:melon_seeds":31,"minecraft:birch_fence_gate":2,"minecraft:polished_blackstone":13,"minecraft:glass_bottle":192,"minecraft:diamond_axe":2,"minecraft:acacia_slab":252,"minecraft:smithing_table":2,"minecraft:sticky_piston":7,"minecraft:hay_block":2,"minecraft:oak_wood":6,"minecraft:stone_brick_stairs":45,"minecraft:iron_pickaxe":43,"minecraft:iron_block":6,"minecraft:gold_ingot":78,"minecraft:sandstone":140,"minecraft:netherite_ingot":12,"minecraft:birch_stairs":116,"minecraft:golden_carrot":35,"minecraft:stone_shovel":1,"minecraft:diamond_hoe":1,"minecraft:jack_o_lantern":91,"minecraft:bone_meal":177,"minecraft:white_carpet":3,"minecraft:ladder":75,"minecraft:stone_pickaxe":1,"minecraft:diamond_boots":2,"minecraft:spruce_boat":1,"minecraft:redstone_block":2,"minecraft:dark_oak_planks":44,"minecraft:golden_helmet":1,"minecraft:enchanting_table":1,"minecraft:sandstone_slab":30,"minecraft:acacia_stairs":120,"minecraft:glowstone":75,"minecraft:oak_fence_gate":5,"minecraft:warped_fungus_on_a_stick":1,"minecraft:birch_trapdoor":4,"minecraft:oak_stairs":100,"minecraft:iron_shovel":5,"minecraft:iron_leggings":3,"minecraft:white_bed":5,"minecraft:note_block":1,"minecraft:oak_planks":2832,"minecraft:cobblestone_slab":126,"minecraft:stone":1,"minecraft:cake":12,"minecraft:hopper":17,"minecraft:bow":5,"minecraft:iron_boots":3,"minecraft:chest":93,"minecraft:oak_button":1,"minecraft:chiseled_stone_bricks":10,"minecraft:stone_bricks":2020,"minecraft:oak_fence":174,"minecraft:oak_slab":378,"minecraft:item_frame":5,"minecraft:arrow":464,"minecraft:cauldron":1,"minecraft:crafting_table":14,"minecraft:spruce_planks":12,"minecraft:wooden_pickaxe":1,"minecraft:iron_helmet":1,"minecraft:gold_block":1,"minecraft:chiseled_polished_blackstone":1,"minecraft:birch_planks":1212,"minecraft:pumpkin_seeds":8,"minecraft:dispenser":2,"minecraft:tnt":12,"minecraft:dark_oak_slab":84,"minecraft:book":49,"minecraft:iron_chestplate":1,"minecraft:paper":129,"minecraft:diamond_pickaxe":9,"minecraft:birch_fence":30,"minecraft:stick":992,"minecraft:iron_ingot":185,"minecraft:redstone_torch":16,"minecraft:shears":2,"minecraft:crimson_hyphae":3,"minecraft:stone_brick_wall":36,"minecraft:fishing_rod":2,"minecraft:netherite_sword":1,"minecraft:popped_chorus_fruit":1,"minecraft:furnace":2,"minecraft:piston":117,"minecraft:flint_and_steel":3,"minecraft:netherite_chestplate":1,"minecraft:iron_axe":4,"minecraft:cobblestone_wall":120,"minecraft:minecart":1,"minecraft:observer":45,"minecraft:cooked_beef":9,"minecraft:sugar":192,"minecraft:crimson_planks":12,"minecraft:diamond_sword":3,"minecraft:iron_trapdoor":1,"minecraft:iron_sword":2,"minecraft:nether_bricks":143,"minecraft:bucket":8,"minecraft:air":0,"minecraft:bread":544,"minecraft:oak_boat":5,"minecraft:white_wool":9,"minecraft:anvil":2,"minecraft:pumpkin_pie":41,"minecraft:acacia_planks":980,"minecraft:torch":1212,"minecraft:clay":1,"minecraft:diamond_chestplate":3},"minecraft:used":{"minecraft:nether_brick_fence":1,"minecraft:jack_o_lantern":51,"minecraft:dispenser":3,"minecraft:polished_blackstone":70,"minecraft:ladder":58,"minecraft:chest":129,"minecraft:stone":115,"minecraft:rotten_flesh":3,"minecraft:soul_sand":17,"minecraft:weeping_vines":5,"minecraft:spruce_boat":2,"minecraft:polished_blackstone_slab":5,"minecraft:lava_bucket":41,"minecraft:netherite_shovel":1402,"minecraft:grass_block":1,"minecraft:birch_sapling":43,"minecraft:dark_oak_slab":50,"minecraft:stone_brick_stairs":74,"minecraft:bow":1000,"minecraft:oak_sapling":179,"minecraft:cooked_cod":3,"minecraft:furnace":12,"minecraft:yellow_glazed_terracotta":1,"minecraft:egg":209,"minecraft:diorite":8,"minecraft:mossy_stone_bricks":1,"minecraft:end_stone_bricks":98,"minecraft:warped_fungus_on_a_stick":49,"minecraft:chorus_fruit":23,"minecraft:blackstone":204,"minecraft:golden_apple":1,"minecraft:respawn_anchor":5,"minecraft:purpur_stairs":1,"minecraft:sand":7230,"minecraft:pumpkin_seeds":60,"minecraft:birch_fence":30,"minecraft:birch_slab":916,"minecraft:nether_wart_block":4,"minecraft:diamond_sword":685,"minecraft:fire_charge":1,"minecraft:smithing_table":4,"minecraft:oak_boat":14,"minecraft:enchanting_table":3,"minecraft:acacia_log":1,"minecraft:carved_pumpkin":38,"minecraft:cooked_salmon":1,"minecraft:netherrack":2953,"minecraft:torch":1614,"minecraft:dragon_egg":1,"minecraft:brewing_stand":3,"minecraft:anvil":2,"minecraft:nether_quartz_ore":4,"minecraft:oak_fence_gate":10,"minecraft:shroomlight":4,"minecraft:chipped_anvil":2,"minecraft:iron_axe":816,"minecraft:slime_block":109,"minecraft:melon_seeds":23,"minecraft:glowstone":10,"minecraft:iron_trapdoor":2,"minecraft:acacia_planks":541,"minecraft:horn_coral_fan":2,"minecraft:observer":153,"minecraft:golden_axe":15,"minecraft:wheat_seeds":2588,"minecraft:water_bucket":199,"minecraft:nether_brick_wall":32,"minecraft:birch_planks":236,"minecraft:cartography_table":1,"minecraft:cauldron":1,"minecraft:gold_ore":1,"minecraft:polished_blackstone_bricks":29,"minecraft:gilded_blackstone":1,"minecraft:tnt":24,"minecraft:oak_slab":377,"minecraft:crafting_table":18,"minecraft:white_bed":6,"minecraft:cake":12,"minecraft:spruce_log":64,"minecraft:oak_log":328,"minecraft:diamond_pickaxe":20172,"minecraft:diamond_shovel":6515,"minecraft:iron_pickaxe":8036,"minecraft:purpur_slab":1,"minecraft:chiseled_stone_bricks":5,"minecraft:cobblestone":395,"minecraft:potion":4,"minecraft:cooked_porkchop":62,"minecraft:sandstone_slab":32,"minecraft:stripped_oak_log":1,"minecraft:iron_shovel":896,"minecraft:oak_sign":12,"minecraft:polished_basalt":10,"minecraft:diamond_hoe":972,"minecraft:shield":81,"minecraft:iron_sword":381,"minecraft:nether_wart":299,"minecraft:nether_bricks":130,"minecraft:carrot":1610,"minecraft:obsidian":49,"minecraft:glass":1101,"minecraft:coal_ore":14,"minecraft:stone_bricks":4583,"minecraft:item_frame":5,"minecraft:golden_sword":2,"minecraft:birch_trapdoor":6,"minecraft:magma_block":3,"minecraft:warped_fungus":2,"minecraft:gold_block":1,"minecraft:polished_blackstone_stairs":216,"minecraft:chiseled_polished_blackstone":1,"minecraft:end_rod":33,"minecraft:stone_pickaxe":91,"minecraft:oak_planks":65,"minecraft:ender_pearl":32,"minecraft:sandstone":95,"minecraft:redstone_block":7,"minecraft:sugar_cane":10,"minecraft:diamond_axe":3484,"minecraft:white_wool":3,"minecraft:golden_hoe":17,"minecraft:loom":1,"minecraft:crossbow":2,"minecraft:stone_brick_wall":3,"minecraft:note_block":1,"minecraft:end_stone":457,"minecraft:sticky_piston":22,"minecraft:redstone_torch":15,"minecraft:lever":1,"minecraft:birch_fence_gate":2,"minecraft:bread":180,"minecraft:string":15,"minecraft:gravel":29,"minecraft:grindstone":2,"minecraft:andesite":6,"minecraft:chain":7,"minecraft:smooth_stone_slab":2,"minecraft:bone_meal":129,"minecraft:oak_fence":131,"minecraft:purpur_block":19,"minecraft:netherite_sword":2212,"minecraft:flint_and_steel":96,"minecraft:stone_shovel":148,"minecraft:redstone":9,"minecraft:stone_hoe":60,"minecraft:cooked_chicken":70,"minecraft:dirt":2592,"minecraft:white_carpet":9,"minecraft:hopper":34,"minecraft:cobblestone_wall":62,"minecraft:shulker_box":82,"minecraft:oak_wood":5,"minecraft:granite":2,"minecraft:stone_brick_slab":664,"minecraft:bookshelf":56,"minecraft:oak_stairs":88,"minecraft:acacia_slab":24,"minecraft:smooth_sandstone":2,"minecraft:golden_carrot":1,"minecraft:soul_soil":1,"minecraft:netherite_pickaxe":7311,"minecraft:minecart":4,"minecraft:cooked_beef":267,"minecraft:pumpkin":121,"minecraft:cooked_mutton":17,"minecraft:iron_ore":2,"minecraft:cobblestone_stairs":10,"minecraft:baked_potato":1,"minecraft:birch_boat":3,"minecraft:cut_sandstone":445,"minecraft:stonecutter":9,"minecraft:cobblestone_slab":1101,"minecraft:terracotta":1,"minecraft:music_disc_cat":3,"minecraft:acacia_stairs":52,"minecraft:piston":107,"minecraft:black_wool":1,"minecraft:apple":16,"minecraft:detector_rail":1,"minecraft:stone_slab":1,"minecraft:fishing_rod":6,"minecraft:crimson_fungus":1,"minecraft:white_banner":7,"minecraft:bucket":242,"minecraft:pumpkin_pie":29,"minecraft:splash_potion":4,"minecraft:birch_stairs":151},"minecraft:picked_up":{"minecraft:seagrass":2,"minecraft:iron_chestplate":1,"minecraft:lead":36,"minecraft:smithing_table":2,"minecraft:stone_slab":1,"minecraft:oak_stairs":13,"minecraft:brewing_stand":3,"minecraft:golden_sword":5,"minecraft:polished_blackstone_brick_stairs":1,"minecraft:music_disc_cat":5,"minecraft:string":94,"minecraft:soul_soil":4,"minecraft:cooked_salmon":1,"minecraft:pufferfish":3,"minecraft:shroomlight":9,"minecraft:gold_nugget":1149,"minecraft:dead_bubble_coral_fan":1,"minecraft:melon_slice":1296,"minecraft:golden_helmet":2,"minecraft:polished_blackstone_stairs":28,"minecraft:purpur_pillar":15,"minecraft:acacia_log":310,"minecraft:golden_chestplate":5,"minecraft:horn_coral_fan":2,"minecraft:blue_glazed_terracotta":4,"minecraft:tropical_fish":1,"minecraft:polished_basalt":7,"minecraft:iron_block":10,"minecraft:carved_pumpkin":130,"minecraft:glowstone":6,"minecraft:end_rod":56,"minecraft:white_terracotta":3,"minecraft:netherite_chestplate":1,"minecraft:blaze_rod":14,"minecraft:birch_log":388,"minecraft:magma_block":61,"minecraft:feather":129,"minecraft:cooked_beef":61,"minecraft:iron_door":2,"minecraft:birch_slab":347,"minecraft:water_bucket":1,"minecraft:brown_wool":1,"minecraft:flint":32,"minecraft:chipped_anvil":2,"minecraft:stonecutter":9,"minecraft:glowstone_dust":304,"minecraft:chiseled_polished_blackstone":1,"minecraft:warped_wart_block":1,"minecraft:ink_sac":4,"minecraft:acacia_stairs":20,"minecraft:dark_oak_log":3,"minecraft:dispenser":2,"minecraft:granite":536,"minecraft:chainmail_helmet":1,"minecraft:jack_o_lantern":3,"minecraft:dark_oak_fence":7,"minecraft:diamond_pickaxe":4,"minecraft:crimson_roots":25,"minecraft:crafting_table":12,"minecraft:coarse_dirt":13,"minecraft:sandstone_slab":4,"minecraft:nether_wart":726,"minecraft:clay_ball":4,"minecraft:purpur_block":35,"minecraft:cornflower":8,"minecraft:elytra":1,"minecraft:flint_and_steel":2,"minecraft:white_carpet":268,"minecraft:iron_shovel":5,"minecraft:cracked_stone_bricks":7,"minecraft:cartography_table":2,"minecraft:respawn_anchor":4,"minecraft:netherite_sword":3,"minecraft:beef":285,"minecraft:minecart":7,"minecraft:poppy":75,"minecraft:chest":60,"minecraft:birch_sapling":58,"minecraft:piston":122,"minecraft:egg":602,"minecraft:sandstone":735,"minecraft:stone":865,"minecraft:fire_charge":2,"minecraft:carrot":5559,"minecraft:redstone":539,"minecraft:netherite_pickaxe":1,"minecraft:tnt":12,"minecraft:cooked_cod":3,"minecraft:stone_shovel":2,"minecraft:diamond_chestplate":1,"minecraft:peony":6,"minecraft:purpur_slab":5,"minecraft:yellow_terracotta":2,"minecraft:gold_ingot":43,"minecraft:polished_blackstone":18,"minecraft:mutton":14,"minecraft:white_wool":15,"minecraft:bone_block":47,"minecraft:rail":38,"minecraft:oxeye_daisy":11,"minecraft:stripped_oak_log":4,"minecraft:red_mushroom":1,"minecraft:purpur_stairs":6,"minecraft:oak_log":1588,"minecraft:ancient_debris":48,"minecraft:lily_pad":1,"minecraft:golden_boots":2,"minecraft:white_banner":7,"minecraft:apple":24,"minecraft:stone_bricks":166,"minecraft:kelp":33,"minecraft:oak_fence_gate":7,"minecraft:stone_pickaxe":2,"minecraft:iron_ore":558,"minecraft:glass_bottle":3,"minecraft:iron_sword":5,"minecraft:dark_oak_slab":1,"minecraft:gravel":253,"minecraft:birch_stairs":40,"minecraft:spruce_sapling":5,"minecraft:spruce_log":317,"minecraft:crying_obsidian":4,"minecraft:dragon_egg":2,"minecraft:leather_helmet":1,"minecraft:oak_wood":3,"minecraft:diamond_shovel":3,"minecraft:coal_ore":17,"minecraft:slime_ball":138,"minecraft:polished_diorite":10,"minecraft:diamond_axe":2,"minecraft:warped_roots":1,"minecraft:oak_button":1,"minecraft:melon_seeds":7,"minecraft:hopper":19,"minecraft:ender_pearl":24,"minecraft:shulker_shell":5,"minecraft:wheat":1513,"minecraft:redstone_block":26,"minecraft:nether_brick_fence":1,"minecraft:iron_trapdoor":10,"minecraft:potion":6,"minecraft:nether_brick":33,"minecraft:stone_brick_stairs":39,"minecraft:smooth_stone_slab":2,"minecraft:sticky_piston":46,"minecraft:oak_sign":26,"minecraft:bucket":1,"minecraft:rose_bush":1,"minecraft:redstone_torch":5,"minecraft:cobblestone_slab":109,"minecraft:iron_pickaxe":3,"minecraft:furnace":6,"minecraft:stick":216,"minecraft:birch_trapdoor":2,"minecraft:brown_terracotta":1,"minecraft:oak_fence":97,"minecraft:torch":441,"minecraft:porkchop":44,"minecraft:diorite":672,"minecraft:cactus":7,"minecraft:rotten_flesh":519,"minecraft:fire_coral_fan":1,"minecraft:obsidian":67,"minecraft:cod":7,"minecraft:cobblestone":6984,"minecraft:nautilus_shell":1,"minecraft:enchanting_table":2,"minecraft:leather_chestplate":1,"minecraft:andesite":521,"minecraft:golden_leggings":5,"minecraft:potato":2,"minecraft:lapis_lazuli":141,"minecraft:dirt":8466,"minecraft:name_tag":1,"minecraft:leather_boots":2,"minecraft:glass":1247,"minecraft:bone":85,"minecraft:acacia_planks":4,"minecraft:bow":10,"minecraft:wheat_seeds":5011,"minecraft:grindstone":2,"minecraft:mossy_stone_bricks":2,"minecraft:bamboo":178,"minecraft:powered_rail":8,"minecraft:oak_planks":150,"minecraft:stone_hoe":1,"minecraft:mossy_stone_brick_stairs":6,"minecraft:ghast_tear":3,"minecraft:cooked_porkchop":72,"minecraft:sand":4419,"minecraft:grass_block":9,"minecraft:spectral_arrow":57,"minecraft:shulker_box":81,"minecraft:diamond":117,"minecraft:slime_block":260,"minecraft:spruce_boat":1,"minecraft:cracked_polished_blackstone_bricks":14,"minecraft:crossbow":6,"minecraft:golden_apple":1,"minecraft:bone_meal":32,"minecraft:oak_sapling":253,"minecraft:netherrack":21164,"minecraft:chorus_fruit":1,"minecraft:end_stone_bricks":26,"minecraft:azure_bluet":4,"minecraft:chicken":113,"minecraft:ladder":35,"minecraft:brown_mushroom":16,"minecraft:gold_block":2,"minecraft:diamond_horse_armor":2,"minecraft:chain":4,"minecraft:shield":5,"minecraft:birch_fence":5,"minecraft:blackstone":1248,"minecraft:detector_rail":5,"minecraft:oak_boat":12,"minecraft:observer":177,"minecraft:sugar_cane":2171,"minecraft:phantom_membrane":3,"minecraft:end_stone":878,"minecraft:note_block":2,"minecraft:polished_blackstone_bricks":23,"minecraft:arrow":78,"minecraft:weeping_vines":27,"minecraft:pumpkin_pie":30,"minecraft:nether_bricks":1,"minecraft:saddle":4,"minecraft:nether_brick_wall":95,"minecraft:basalt":15,"minecraft:crimson_stem":13,"minecraft:salmon":1,"minecraft:cut_sandstone":9,"minecraft:leather":226,"minecraft:birch_planks":201,"minecraft:crimson_fungus":4,"minecraft:yellow_glazed_terracotta":1,"minecraft:gunpowder":65,"minecraft:nether_wart_block":34,"minecraft:cobblestone_wall":14,"minecraft:cobblestone_stairs":4,"minecraft:orange_terracotta":3,"minecraft:cooked_mutton":3,"minecraft:rabbit_hide":1,"minecraft:iron_ingot":106,"minecraft:cooked_chicken":6,"minecraft:acacia_sapling":15,"minecraft:soul_sand":224,"minecraft:book":137,"minecraft:oak_slab":29,"minecraft:warped_fungus":8,"minecraft:nether_quartz_ore":4,"minecraft:birch_boat":2,"minecraft:pumpkin":450,"minecraft:chiseled_stone_bricks":1,"minecraft:stone_brick_slab":124,"minecraft:quartz":499,"minecraft:dandelion":1,"minecraft:white_bed":1,"minecraft:gold_ore":110,"minecraft:spider_eye":21,"minecraft:pumpkin_seeds":645,"minecraft:chainmail_leggings":2,"minecraft:terracotta":2,"minecraft:black_wool":2,"minecraft:coal":1547},"minecraft:killed":{"minecraft:shulker":21,"minecraft:skeleton":86,"minecraft:chicken":122,"minecraft:magma_cube":11,"minecraft:pillager":23,"minecraft:zombie":268,"minecraft:cow":156,"minecraft:endermite":1,"minecraft:horse":9,"minecraft:husk":13,"minecraft:wandering_trader":2,"minecraft:enderman":35,"minecraft:zombified_piglin":30,"minecraft:spider":60,"minecraft:silverfish":7,"minecraft:turtle":3,"minecraft:piglin_brute":1,"minecraft:piglin":66,"minecraft:pig":6,"minecraft:zombie_villager":8,"minecraft:creeper":57,"minecraft:sheep":14,"minecraft:trader_llama":3,"minecraft:ghast":10,"minecraft:blaze":36,"minecraft:slime":78,"minecraft:phantom":5,"minecraft:drowned":24,"minecraft:hoglin":50,"minecraft:squid":2,"minecraft:wither_skeleton":5},"minecraft:custom":{"minecraft:interact_with_crafting_table":320,"minecraft:bell_ring":3,"minecraft:eat_cake_slice":14,"minecraft:leave_game":203,"minecraft:time_since_death":18603,"minecraft:damage_blocked_by_shield":3530,"minecraft:deaths":335,"minecraft:jump":47323,"minecraft:enchant_item":34,"minecraft:interact_with_furnace":253,"minecraft:play_record":3,"minecraft:interact_with_cartography_table":2,"minecraft:sleep_in_bed":99,"minecraft:damage_dealt":150528,"minecraft:interact_with_smoker":2,"minecraft:inspect_dispenser":3,"minecraft:horse_one_cm":1083108,"minecraft:interact_with_smithing_table":21,"minecraft:inspect_dropper":3,"minecraft:interact_with_anvil":53,"minecraft:inspect_hopper":122,"minecraft:sneak_time":146440,"minecraft:interact_with_stonecutter":34,"minecraft:time_since_rest":10074,"minecraft:swim_one_cm":316089,"minecraft:fly_one_cm":10821067,"minecraft:open_chest":3434,"minecraft:fish_caught":3,"minecraft:fall_one_cm":1458964,"minecraft:animals_bred":202,"minecraft:open_shulker_box":171,"minecraft:sprint_one_cm":10181356,"minecraft:drop":1001,"minecraft:play_noteblock":3,"minecraft:talked_to_villager":19,"minecraft:interact_with_brewingstand":14,"minecraft:walk_on_water_one_cm":315200,"minecraft:play_one_minute":6805427,"minecraft:interact_with_loom":9,"minecraft:open_enderchest":2,"minecraft:player_kills":30,"minecraft:crouch_one_cm":510756,"minecraft:mob_kills":1244,"minecraft:climb_one_cm":218858,"minecraft:walk_one_cm":10077232,"minecraft:strider_one_cm":15371,"minecraft:walk_under_water_one_cm":503738,"minecraft:boat_one_cm":1448947,"minecraft:interact_with_grindstone":9,"minecraft:damage_taken":129491,"minecraft:damage_absorbed":38,"minecraft:trigger_trapped_chest":3,"minecraft:minecart_one_cm":239676,"minecraft:aviate_one_cm":50855},"minecraft:killed_by":{"minecraft:zombie_villager":1,"minecraft:piglin_brute":2,"minecraft:pillager":1,"minecraft:zombie":54,"minecraft:husk":3,"minecraft:slime":1,"minecraft:trader_llama":1,"minecraft:shulker":2,"minecraft:ghast":2,"minecraft:zombified_piglin":3,"minecraft:wither_skeleton":1,"minecraft:creeper":23,"minecraft:drowned":3,"minecraft:piglin":28,"minecraft:silverfish":1,"minecraft:blaze":1,"minecraft:player":36,"minecraft:spider":8,"minecraft:enderman":14,"minecraft:iron_golem":1,"minecraft:hoglin":7,"minecraft:skeleton":30,"minecraft:phantom":2},"minecraft:dropped":{"minecraft:iron_sword":2,"minecraft:cooked_beef":9,"minecraft:glass_bottle":197,"minecraft:crafting_table":3,"minecraft:crossbow":1,"minecraft:weeping_vines":4,"minecraft:mossy_stone_brick_stairs":3,"minecraft:cracked_stone_bricks":2,"minecraft:dirt":140,"minecraft:gold_nugget":1,"minecraft:bone_meal":16,"minecraft:sand":172,"minecraft:iron_pickaxe":2,"minecraft:bone":5,"minecraft:golden_chestplate":1,"minecraft:nether_brick":11,"minecraft:birch_sapling":7,"minecraft:netherite_sword":3,"minecraft:wheat":10,"minecraft:obsidian":1,"minecraft:rotten_flesh":212,"minecraft:oak_planks":130,"minecraft:end_stone":6,"minecraft:glowstone_dust":2,"minecraft:azure_bluet":4,"minecraft:hopper":1,"minecraft:leather_boots":1,"minecraft:acacia_sapling":10,"minecraft:ladder":38,"minecraft:end_stone_bricks":2,"minecraft:crying_obsidian":4,"minecraft:egg":1,"minecraft:iron_ingot":160,"minecraft:netherite_pickaxe":1,"minecraft:wheat_seeds":324,"minecraft:netherite_chestplate":2,"minecraft:cobblestone":724,"minecraft:granite":146,"minecraft:coal":23,"minecraft:diamond_horse_armor":1,"minecraft:potion":1,"minecraft:iron_shovel":4,"minecraft:string":5,"minecraft:spruce_sapling":1,"minecraft:stone_brick_slab":6,"minecraft:netherite_ingot":1,"minecraft:white_carpet":257,"minecraft:cobblestone_slab":80,"minecraft:stone":23,"minecraft:peony":2,"minecraft:diamond_pickaxe":3,"minecraft:popped_chorus_fruit":1,"minecraft:spider_eye":5,"minecraft:sandstone":2,"minecraft:bow":3,"minecraft:magma_block":20,"minecraft:terracotta":1,"minecraft:soul_sand":83,"minecraft:birch_planks":14,"minecraft:diamond_axe":2,"minecraft:warped_fungus":1,"minecraft:ender_pearl":5,"minecraft:leather":6,"minecraft:iron_horse_armor":1,"minecraft:flint":2,"minecraft:cobblestone_stairs":2,"minecraft:cornflower":1,"minecraft:crimson_roots":6,"minecraft:seagrass":2,"minecraft:pumpkin_pie":32,"minecraft:gold_ingot":52,"minecraft:gravel":16,"minecraft:crimson_fungus":2,"minecraft:blackstone":317,"minecraft:diamond_shovel":1,"minecraft:carrot":834,"minecraft:poppy":6,"minecraft:leather_chestplate":1,"minecraft:gunpowder":6,"minecraft:chest":4,"minecraft:quartz":2,"minecraft:netherrack":7761,"minecraft:spectral_arrow":1,"minecraft:tropical_fish":1,"minecraft:grass_block":5,"minecraft:stick":132,"minecraft:diorite":178,"minecraft:torch":31,"minecraft:nether_wart_block":2,"minecraft:cactus":3,"minecraft:coarse_dirt":1,"minecraft:blaze_rod":14,"minecraft:flint_and_steel":2,"minecraft:shield":3,"minecraft:oak_button":1,"minecraft:orange_terracotta":3,"minecraft:andesite":159,"minecraft:oak_sapling":23,"minecraft:golden_sword":1,"minecraft:slime_ball":34},"minecraft:broken":{"minecraft:diamond_helmet":1,"minecraft:iron_boots":3,"minecraft:iron_chestplate":2,"minecraft:iron_leggings":2,"minecraft:netherite_chestplate":1,"minecraft:diamond_shovel":2,"minecraft:diamond_pickaxe":2,"minecraft:diamond_leggings":1,"minecraft:shield":1,"minecraft:iron_axe":3,"minecraft:iron_pickaxe":11,"minecraft:iron_helmet":1,"minecraft:golden_helmet":2,"minecraft:netherite_pickaxe":1,"minecraft:golden_leggings":3,"minecraft:diamond_boots":1,"minecraft:golden_chestplate":3},"minecraft:mined":{"minecraft:white_bed":2,"minecraft:carved_pumpkin":131,"minecraft:obsidian":53,"minecraft:granite":404,"minecraft:chiseled_polished_blackstone":1,"minecraft:acacia_log":251,"minecraft:horn_coral_fan":1,"minecraft:purpur_slab":3,"minecraft:hopper":18,"minecraft:crimson_fungus":5,"minecraft:nether_wart":276,"minecraft:chiseled_stone_bricks":1,"minecraft:spawner":2,"minecraft:polished_blackstone_bricks":30,"minecraft:weeping_vines_plant":17,"minecraft:tall_seagrass":1,"minecraft:magma_block":39,"minecraft:sticky_piston":46,"minecraft:fire":112,"minecraft:pumpkin":457,"minecraft:enchanting_table":2,"minecraft:oak_sign":2,"minecraft:oak_stairs":12,"minecraft:iron_block":9,"minecraft:tripwire":14,"minecraft:piston_head":1,"minecraft:sandstone_slab":3,"minecraft:cut_sandstone":12,"minecraft:brown_mushroom":16,"minecraft:kelp_plant":9,"minecraft:crimson_nylium":108,"minecraft:soul_fire":1,"minecraft:torch":143,"minecraft:note_block":2,"minecraft:melon":257,"minecraft:dead_bush":4,"minecraft:glass":121,"minecraft:sugar_cane":1040,"minecraft:birch_sapling":3,"minecraft:white_terracotta":3,"minecraft:chain":4,"minecraft:wheat":1630,"minecraft:pumpkin_stem":11,"minecraft:warped_fungus":8,"minecraft:yellow_glazed_terracotta":1,"minecraft:stone_brick_stairs":19,"minecraft:grass":867,"minecraft:oak_fence_gate":7,"minecraft:stonecutter":8,"minecraft:piston":125,"minecraft:yellow_terracotta":2,"minecraft:nether_brick_wall":26,"minecraft:dark_oak_log":3,"minecraft:jack_o_lantern":3,"minecraft:shulker_box":80,"minecraft:end_stone":689,"minecraft:nether_bricks":1,"minecraft:dark_oak_fence":7,"minecraft:crimson_roots":13,"minecraft:cartography_table":1,"minecraft:red_mushroom":1,"minecraft:kelp":4,"minecraft:horn_coral_wall_fan":1,"minecraft:redstone_ore":101,"minecraft:andesite":359,"minecraft:cobblestone_slab":32,"minecraft:respawn_anchor":5,"minecraft:rail":21,"minecraft:bamboo":38,"minecraft:bone_block":47,"minecraft:white_wool":2,"minecraft:brain_coral":1,"minecraft:ender_chest":1,"minecraft:smithing_table":2,"minecraft:oak_slab":27,"minecraft:birch_stairs":42,"minecraft:redstone_block":27,"minecraft:soul_sand":150,"minecraft:stone_brick_slab":66,"minecraft:observer":173,"minecraft:dandelion":2,"minecraft:cornflower":1,"minecraft:warped_roots":1,"minecraft:purpur_pillar":5,"minecraft:tall_grass":151,"minecraft:diorite":473,"minecraft:warped_wart_block":1,"minecraft:coarse_dirt":10,"minecraft:cobblestone_wall":15,"minecraft:white_carpet":9,"minecraft:spruce_log":331,"minecraft:birch_leaves":25,"minecraft:gravel":193,"minecraft:cobweb":2,"minecraft:brown_terracotta":1,"minecraft:acacia_planks":3,"minecraft:polished_blackstone":20,"minecraft:stone_bricks":108,"minecraft:chipped_anvil":2,"minecraft:gold_ore":80,"minecraft:iron_trapdoor":10,"minecraft:infested_stone":1,"minecraft:attached_melon_stem":1,"minecraft:oak_sapling":8,"minecraft:farmland":5,"minecraft:cobblestone_stairs":4,"minecraft:brewing_stand":3,"minecraft:grass_block":3635,"minecraft:cracked_polished_blackstone_bricks":19,"minecraft:soul_soil":4,"minecraft:polished_diorite":9,"minecraft:gilded_blackstone":2,"minecraft:glowstone":107,"minecraft:iron_ore":401,"minecraft:end_stone_bricks":21,"minecraft:blackstone":1049,"minecraft:orange_terracotta":4,"minecraft:purpur_stairs":2,"minecraft:clay":2,"minecraft:poppy":2,"minecraft:chest":53,"minecraft:nether_quartz_ore":374,"minecraft:cobblestone":61,"minecraft:slime_block":270,"minecraft:grindstone":2,"minecraft:oak_planks":25,"minecraft:iron_door":3,"minecraft:wall_torch":108,"minecraft:seagrass":4,"minecraft:fire_coral_fan":2,"minecraft:warped_nylium":1,"minecraft:dark_oak_slab":2,"minecraft:nether_wart_block":38,"minecraft:birch_log":310,"minecraft:blue_ice":1,"minecraft:birch_trapdoor":2,"minecraft:tnt":14,"minecraft:purpur_block":15,"minecraft:smooth_stone_slab":2,"minecraft:oak_log":1308,"minecraft:sand":3576,"minecraft:dirt":1590,"minecraft:infested_cracked_stone_bricks":3,"minecraft:netherrack":20679,"minecraft:ancient_debris":49,"minecraft:oak_leaves":559,"minecraft:nether_gold_ore":202,"minecraft:diamond_ore":86,"minecraft:ladder":12,"minecraft:tube_coral_wall_fan":1,"minecraft:weeping_vines":2,"minecraft:birch_slab":246,"minecraft:spruce_leaves":75,"minecraft:sandstone":706,"minecraft:crimson_stem":13,"minecraft:large_fern":3,"minecraft:furnace":10,"minecraft:carrots":1165,"minecraft:polished_basalt":6,"minecraft:acacia_stairs":20,"minecraft:peony":1,"minecraft:gold_block":2,"minecraft:nether_brick_fence":1,"minecraft:bookshelf":44,"minecraft:shroomlight":10,"minecraft:stripped_oak_log":2,"minecraft:chorus_plant":1,"minecraft:blue_glazed_terracotta":4,"minecraft:stone":6362,"minecraft:redstone_wall_torch":3,"minecraft:acacia_leaves":35,"minecraft:infested_stone_bricks":7,"minecraft:basalt":18,"minecraft:oak_fence":22,"minecraft:crafting_table":6,"minecraft:rose_bush":1,"minecraft:stone_slab":1,"minecraft:lapis_ore":19,"minecraft:polished_blackstone_brick_stairs":1,"minecraft:birch_planks":42,"minecraft:cactus":4,"minecraft:polished_blackstone_stairs":30,"minecraft:redstone_torch":2,"minecraft:ice":3,"minecraft:white_wall_banner":2,"minecraft:bee_nest":1,"minecraft:grass_path":2,"minecraft:black_wool":1,"minecraft:coal_ore":873,"minecraft:end_rod":41,"minecraft:cracked_stone_bricks":2,"minecraft:terracotta":2,"minecraft:mossy_stone_bricks":4,"minecraft:birch_fence":5}},"DataVersion":2584}