{"stats":{"minecraft:dropped":{"minecraft:gravel":5,"minecraft:iron_sword":1,"minecraft:cobblestone":27,"minecraft:leather_chestplate":1,"minecraft:shield":1,"minecraft:andesite":26,"minecraft:netherrack":2},"minecraft:mined":{"minecraft:nether_gold_ore":12,"minecraft:diamond_ore":12,"minecraft:torch":6,"minecraft:granite":16,"minecraft:nether_quartz_ore":11,"minecraft:tall_grass":1,"minecraft:cobblestone":1,"minecraft:lapis_ore":1,"minecraft:diorite":23,"minecraft:wall_torch":6,"minecraft:redstone_ore":65,"minecraft:birch_log":4,"minecraft:iron_ore":54,"minecraft:wheat":1,"minecraft:fire":7,"minecraft:andesite":31,"minecraft:pumpkin":1,"minecraft:tnt":1,"minecraft:coal_ore":29,"minecraft:dark_oak_button":2,"minecraft:gravel":13,"minecraft:dirt":27,"minecraft:stone":604,"minecraft:netherrack":54,"minecraft:gold_ore":6},"minecraft:crafted":{"minecraft:iron_helmet":1,"minecraft:iron_sword":1,"minecraft:dark_oak_button":2,"minecraft:birch_planks":16,"minecraft:shield":1,"minecraft:stick":16,"minecraft:iron_pickaxe":4},"minecraft:used":{"minecraft:birch_planks":2,"minecraft:shield":11,"minecraft:iron_sword":62,"minecraft:rotten_flesh":3,"minecraft:netherrack":30,"minecraft:torch":9,"minecraft:carrot":3,"minecraft:diamond_pickaxe":11,"minecraft:iron_pickaxe":937,"minecraft:dark_oak_button":2,"minecraft:cobblestone":5,"minecraft:andesite":5,"minecraft:cooked_beef":2},"minecraft:broken":{"minecraft:iron_boots":1,"minecraft:iron_pickaxe":5,"minecraft:iron_leggings":1},"minecraft:killed_by":{"minecraft:skeleton":1,"minecraft:creeper":2,"minecraft:zombie":2},"minecraft:killed":{"minecraft:husk":1,"minecraft:creeper":1,"minecraft:skeleton":1,"minecraft:zombie":13},"minecraft:custom":{"minecraft:interact_with_smithing_table":1,"minecraft:interact_with_furnace":1,"minecraft:mob_kills":16,"minecraft:interact_with_anvil":1,"minecraft:inspect_hopper":3,"minecraft:interact_with_crafting_table":8,"minecraft:play_one_minute":83170,"minecraft:leave_game":12,"minecraft:time_since_death":7967,"minecraft:sleep_in_bed":2,"minecraft:climb_one_cm":208,"minecraft:time_since_rest":8019,"minecraft:sprint_one_cm":193218,"minecraft:damage_taken":3779,"minecraft:walk_one_cm":104448,"minecraft:damage_blocked_by_shield":480,"minecraft:drop":8,"minecraft:damage_dealt":2769,"minecraft:swim_one_cm":1059,"minecraft:fly_one_cm":94361,"minecraft:open_chest":68,"minecraft:deaths":10,"minecraft:sneak_time":17,"minecraft:walk_under_water_one_cm":24450,"minecraft:jump":586,"minecraft:walk_on_water_one_cm":6272,"minecraft:fall_one_cm":23880},"minecraft:picked_up":{"minecraft:birch_log":4,"minecraft:leather_chestplate":1,"minecraft:dark_oak_button":2,"minecraft:andesite":57,"minecraft:flint":5,"minecraft:shield":1,"minecraft:gunpowder":1,"minecraft:lapis_lazuli":5,"minecraft:dirt":38,"minecraft:bone":2,"minecraft:gold_nugget":40,"minecraft:iron_ore":54,"minecraft:iron_sword":1,"minecraft:golden_helmet":1,"minecraft:pumpkin":1,"minecraft:torch":12,"minecraft:quartz":11,"minecraft:gravel":8,"minecraft:diorite":23,"minecraft:gold_ore":6,"minecraft:redstone":290,"minecraft:tnt":1,"minecraft:rotten_flesh":13,"minecraft:diamond":12,"minecraft:iron_helmet":1,"minecraft:granite":16,"minecraft:netherrack":52,"minecraft:coal":28,"minecraft:cobblestone":624}},"DataVersion":2584}