{"stats":{"minecraft:crafted":{"minecraft:oak_planks":16,"minecraft:redstone":63,"minecraft:furnace":8,"minecraft:piston":14,"minecraft:diamond_shovel":2,"minecraft:bookshelf":1,"minecraft:heavy_weighted_pressure_plate":1,"minecraft:oak_trapdoor":2,"minecraft:quartz_block":164,"minecraft:diamond_leggings":1,"minecraft:stone_pickaxe":1,"minecraft:chest":5,"minecraft:spruce_boat":2,"minecraft:redstone_block":32,"minecraft:netherite_scrap":54,"minecraft:cooked_beef":2,"minecraft:diamond_sword":1,"minecraft:diamond_axe":1,"minecraft:crafting_table":15,"minecraft:spruce_planks":28,"minecraft:wooden_pickaxe":1,"minecraft:smithing_table":1,"minecraft:sandstone_slab":102,"minecraft:end_stone_brick_stairs":8,"minecraft:birch_planks":48,"minecraft:air":0,"minecraft:bread":24,"minecraft:iron_chestplate":1,"minecraft:book":5,"minecraft:white_wool":2,"minecraft:paper":18,"minecraft:diamond_pickaxe":6,"minecraft:stick":40,"minecraft:stone_slab":6,"minecraft:iron_ingot":38,"minecraft:iron_pickaxe":3,"minecraft:iron_shovel":1,"minecraft:gold_ingot":44,"minecraft:sandstone":51,"minecraft:anvil":1,"minecraft:white_bed":2,"minecraft:netherite_ingot":11,"minecraft:andesite":2,"minecraft:acacia_planks":92,"minecraft:shears":1},"minecraft:picked_up":{"minecraft:crafting_table":6,"minecraft:end_stone_brick_stairs":1,"minecraft:wheat":66,"minecraft:sandstone_slab":6,"minecraft:brown_mushroom":5,"minecraft:stone_slab":1,"minecraft:string":14,"minecraft:white_carpet":2,"minecraft:blackstone":128,"minecraft:shroomlight":3,"minecraft:gold_nugget":92,"minecraft:spruce_planks":17,"minecraft:beef":11,"minecraft:poppy":4,"minecraft:light_gray_wool":1,"minecraft:sugar_cane":21,"minecraft:piston":3,"minecraft:stick":19,"minecraft:sandstone":20,"minecraft:end_stone":11,"minecraft:stone":3315,"minecraft:oak_fence":10,"minecraft:torch":9,"minecraft:acacia_log":42,"minecraft:porkchop":6,"minecraft:diorite":216,"minecraft:carrot":95,"minecraft:redstone":502,"minecraft:quartz_block":50,"minecraft:arrow":3,"minecraft:horn_coral_fan":4,"minecraft:rotten_flesh":20,"minecraft:bookshelf":18,"minecraft:gold_ingot":1,"minecraft:chorus_flower":2,"minecraft:obsidian":10,"minecraft:mutton":10,"minecraft:white_wool":16,"minecraft:cobblestone":2199,"minecraft:oxeye_daisy":1,"minecraft:birch_log":7,"minecraft:magma_block":30,"minecraft:andesite":208,"minecraft:leather":5,"minecraft:birch_planks":4,"minecraft:ice":22,"minecraft:flint":79,"minecraft:oak_log":4,"minecraft:ancient_debris":56,"minecraft:yellow_bed":3,"minecraft:gunpowder":3,"minecraft:lapis_lazuli":63,"minecraft:dirt":161,"minecraft:cooked_mutton":11,"minecraft:bone":5,"minecraft:acacia_planks":10,"minecraft:bow":1,"minecraft:wheat_seeds":199,"minecraft:iron_ore":134,"minecraft:oak_planks":37,"minecraft:soul_sand":74,"minecraft:dragon_egg":1,"minecraft:quartz":673,"minecraft:dandelion":2,"minecraft:gravel":38,"minecraft:sand":325,"minecraft:spruce_sapling":1,"minecraft:ink_sac":4,"minecraft:white_bed":4,"minecraft:spruce_log":7,"minecraft:gold_ore":38,"minecraft:crying_obsidian":2,"minecraft:spider_eye":1,"minecraft:diamond_shovel":1,"minecraft:coal_ore":31,"minecraft:slime_ball":28,"minecraft:diamond":114,"minecraft:granite":351,"minecraft:golden_apple":2,"minecraft:oak_sapling":1,"minecraft:netherrack":847,"minecraft:black_wool":3,"minecraft:coal":130,"minecraft:crimson_roots":2,"minecraft:diamond_pickaxe":1},"minecraft:used":{"minecraft:oak_fence":9,"minecraft:oak_trapdoor":1,"minecraft:iron_shovel":249,"minecraft:redstone":100,"minecraft:chest":5,"minecraft:stone":195,"minecraft:cooked_chicken":5,"minecraft:rotten_flesh":1,"minecraft:netherrack":117,"minecraft:torch":15,"minecraft:mutton":8,"minecraft:anvil":1,"minecraft:dirt":9,"minecraft:white_carpet":2,"minecraft:carrot":76,"minecraft:granite":16,"minecraft:spruce_boat":2,"minecraft:lava_bucket":2,"minecraft:netherite_shovel":3600,"minecraft:bookshelf":3,"minecraft:quartz_block":59,"minecraft:golden_carrot":10,"minecraft:magma_block":4,"minecraft:bow":1,"minecraft:beef":2,"minecraft:furnace":8,"minecraft:netherite_pickaxe":7497,"minecraft:end_stone_brick_stairs":1,"minecraft:cooked_beef":2,"minecraft:cooked_mutton":11,"minecraft:wheat_seeds":110,"minecraft:water_bucket":1,"minecraft:stone_pickaxe":108,"minecraft:wooden_pickaxe":52,"minecraft:sandstone":2,"minecraft:diamond_axe":246,"minecraft:sand":14,"minecraft:crafting_table":12,"minecraft:white_bed":6,"minecraft:end_stone":30,"minecraft:shears":3,"minecraft:piston":7,"minecraft:iron_pickaxe":613,"minecraft:gravel":17,"minecraft:stone_slab":7,"minecraft:diamond_pickaxe":5074,"minecraft:diamond_shovel":488,"minecraft:heavy_weighted_pressure_plate":1,"minecraft:bread":24,"minecraft:diamond_sword":358,"minecraft:cobblestone":159,"minecraft:porkchop":6,"minecraft:smithing_table":1,"minecraft:andesite":19,"minecraft:bucket":5,"minecraft:sandstone_slab":87,"minecraft:ice":2,"minecraft:yellow_bed":2},"minecraft:killed":{"minecraft:cave_spider":49,"minecraft:spider":12,"minecraft:slime":7,"minecraft:skeleton":10,"minecraft:drowned":1,"minecraft:piglin":6,"minecraft:husk":1,"minecraft:pig":3,"minecraft:wandering_trader":1,"minecraft:creeper":2,"minecraft:squid":1,"minecraft:sheep":5,"minecraft:trader_llama":2,"minecraft:pillager":9,"minecraft:zombie":27,"minecraft:cow":6},"minecraft:killed_by":{"minecraft:husk":2,"minecraft:zombie_villager":1,"minecraft:player":1,"minecraft:creeper":9,"minecraft:spider":4,"minecraft:pillager":2,"minecraft:enderman":4,"minecraft:magma_cube":1,"minecraft:piglin":3,"minecraft:cave_spider":17,"minecraft:skeleton":5,"minecraft:zombie":20},"minecraft:dropped":{"minecraft:iron_ingot":10,"minecraft:brown_mushroom":5,"minecraft:birch_planks":4,"minecraft:wheat_seeds":67,"minecraft:diamond":11,"minecraft:crafting_table":4,"minecraft:oak_fence":1,"minecraft:cobblestone":326,"minecraft:book":2,"minecraft:granite":31,"minecraft:stick":28,"minecraft:oxeye_daisy":1,"minecraft:dirt":59,"minecraft:diorite":34,"minecraft:mutton":2,"minecraft:crimson_roots":1,"minecraft:paper":3,"minecraft:string":2,"minecraft:acacia_planks":12,"minecraft:spruce_sapling":1,"minecraft:dandelion":2,"minecraft:bone":4,"minecraft:gravel":21,"minecraft:sugar_cane":3,"minecraft:ancient_debris":1,"minecraft:oak_trapdoor":1,"minecraft:wheat":3,"minecraft:rotten_flesh":18,"minecraft:oak_planks":34,"minecraft:diamond_shovel":2,"minecraft:end_stone":5,"minecraft:shears":1,"minecraft:poppy":4,"minecraft:dragon_egg":1,"minecraft:stone":71,"minecraft:gunpowder":1,"minecraft:spruce_planks":24,"minecraft:diamond_pickaxe":1,"minecraft:iron_chestplate":1,"minecraft:andesite":37,"minecraft:oak_sapling":1,"minecraft:sandstone":4,"minecraft:iron_ore":3,"minecraft:arrow":1,"minecraft:quartz":7,"minecraft:netherrack":716},"minecraft:custom":{"minecraft:interact_with_smithing_table":5,"minecraft:inspect_dropper":1,"minecraft:interact_with_anvil":2,"minecraft:mob_kills":143,"minecraft:inspect_hopper":2,"minecraft:interact_with_crafting_table":76,"minecraft:leave_game":67,"minecraft:time_since_death":89,"minecraft:climb_one_cm":15459,"minecraft:sprint_one_cm":1528327,"minecraft:walk_one_cm":1214090,"minecraft:drop":234,"minecraft:talked_to_villager":2,"minecraft:sneak_time":105959,"minecraft:deaths":97,"minecraft:walk_under_water_one_cm":49914,"minecraft:boat_one_cm":121721,"minecraft:jump":9157,"minecraft:walk_on_water_one_cm":64982,"minecraft:enchant_item":7,"minecraft:interact_with_furnace":122,"minecraft:play_one_minute":751636,"minecraft:interact_with_loom":1,"minecraft:sleep_in_bed":9,"minecraft:time_since_rest":117,"minecraft:damage_taken":28860,"minecraft:trigger_trapped_chest":3,"minecraft:damage_dealt":23305,"minecraft:player_kills":4,"minecraft:swim_one_cm":47493,"minecraft:fly_one_cm":2760228,"minecraft:open_chest":286,"minecraft:crouch_one_cm":421404,"minecraft:fall_one_cm":289663,"minecraft:horse_one_cm":4449},"minecraft:broken":{"minecraft:iron_shovel":1,"minecraft:diamond_leggings":1,"minecraft:wooden_pickaxe":1,"minecraft:stone_pickaxe":1,"minecraft:diamond_pickaxe":2,"minecraft:iron_pickaxe":1},"minecraft:mined":{"minecraft:nether_gold_ore":24,"minecraft:diamond_ore":107,"minecraft:crying_obsidian":2,"minecraft:white_bed":5,"minecraft:end_stone":8,"minecraft:obsidian":10,"minecraft:granite":508,"minecraft:acacia_log":42,"minecraft:grass_block":1355,"minecraft:crimson_roots":1,"minecraft:horn_coral_fan":1,"minecraft:redstone_wire":100,"minecraft:spruce_leaves":4,"minecraft:horn_coral_wall_fan":3,"minecraft:oxeye_daisy":1,"minecraft:sandstone":42,"minecraft:chorus_flower":3,"minecraft:redstone_ore":88,"minecraft:magma_block":35,"minecraft:carrots":25,"minecraft:iron_ore":153,"minecraft:fire":4,"minecraft:snow":1,"minecraft:andesite":321,"minecraft:azure_bluet":1,"minecraft:bookshelf":18,"minecraft:shroomlight":3,"minecraft:stone":7721,"minecraft:sandstone_slab":4,"minecraft:brown_mushroom":7,"minecraft:soul_sand":76,"minecraft:quartz_block":58,"minecraft:blackstone":139,"minecraft:crimson_nylium":2,"minecraft:dandelion":1,"minecraft:oak_fence":31,"minecraft:crafting_table":1,"minecraft:torch":4,"minecraft:poppy":3,"minecraft:dead_bush":12,"minecraft:stone_slab":3,"minecraft:nether_quartz_ore":671,"minecraft:tall_grass":110,"minecraft:cobblestone":7,"minecraft:lapis_ore":10,"minecraft:oak_planks":20,"minecraft:sugar_cane":10,"minecraft:diorite":299,"minecraft:wall_torch":4,"minecraft:seagrass":2,"minecraft:birch_planks":2,"minecraft:end_stone_brick_stairs":1,"minecraft:birch_log":10,"minecraft:wheat":73,"minecraft:ice":25,"minecraft:white_carpet":2,"minecraft:spruce_log":7,"minecraft:yellow_bed":3,"minecraft:grass_path":7,"minecraft:grass":674,"minecraft:coal_ore":200,"minecraft:oak_log":5,"minecraft:gravel":234,"minecraft:dirt":2330,"minecraft:sand":342,"minecraft:cobweb":21,"minecraft:cracked_stone_bricks":1,"minecraft:gold_ore":41,"minecraft:ancient_debris":55,"minecraft:stone_bricks":5,"minecraft:netherrack":2698,"minecraft:piston":3,"minecraft:mossy_stone_bricks":1,"minecraft:oak_leaves":4}},"DataVersion":2584}