{"stats":{"minecraft:dropped":{"minecraft:wheat_seeds":113,"minecraft:oak_trapdoor":1,"minecraft:birch_sapling":1,"minecraft:cobblestone_slab":1,"minecraft:heavy_weighted_pressure_plate":1,"minecraft:acacia_sapling":5,"minecraft:stone_pickaxe":1,"minecraft:dandelion":1,"minecraft:bone":4,"minecraft:egg":6},"minecraft:mined":{"minecraft:diamond_ore":32,"minecraft:redstone_block":2,"minecraft:obsidian":48,"minecraft:granite":16,"minecraft:acacia_log":1,"minecraft:grass_block":5,"minecraft:redstone_wire":3,"minecraft:cobblestone":20,"minecraft:lapis_ore":4,"minecraft:oak_planks":2,"minecraft:diorite":1,"minecraft:birch_planks":2,"minecraft:redstone_ore":6,"minecraft:carrots":88,"minecraft:iron_ore":43,"minecraft:wheat":59,"minecraft:andesite":4,"minecraft:pumpkin":32,"minecraft:grass":8,"minecraft:oak_log":15,"minecraft:coal_ore":6,"minecraft:cobblestone_slab":1,"minecraft:sand":1,"minecraft:dirt":46,"minecraft:stone":153,"minecraft:gold_ore":2,"minecraft:oak_leaves":16},"minecraft:crafted":{"minecraft:oak_planks":20,"minecraft:crafting_table":1,"minecraft:furnace":1,"minecraft:slime_block":64,"minecraft:lever":1,"minecraft:stone_axe":1,"minecraft:oak_trapdoor":2,"minecraft:diamond_pickaxe":1,"minecraft:iron_axe":1,"minecraft:stick":6,"minecraft:iron_ingot":8,"minecraft:iron_pickaxe":1,"minecraft:chest":1,"minecraft:redstone_block":2},"minecraft:used":{"minecraft:oak_trapdoor":1,"minecraft:wheat_seeds":59,"minecraft:oak_fence":2,"minecraft:iron_ore":2,"minecraft:stone_pickaxe":44,"minecraft:redstone":5,"minecraft:oak_planks":2,"minecraft:chest":1,"minecraft:redstone_block":2,"minecraft:cobblestone_slab":1,"minecraft:rotten_flesh":37,"minecraft:sand":1,"minecraft:dirt":941,"minecraft:crafting_table":1,"minecraft:carrot":208,"minecraft:lever":1,"minecraft:diamond_pickaxe":85,"minecraft:iron_pickaxe":232,"minecraft:iron_axe":23,"minecraft:stone_axe":104,"minecraft:cobblestone":888,"minecraft:furnace":1,"minecraft:andesite":33,"minecraft:pumpkin":2},"minecraft:broken":{"minecraft:stone_axe":2,"minecraft:iron_pickaxe":1},"minecraft:killed":{"minecraft:husk":1,"minecraft:rabbit":1,"minecraft:spider":7,"minecraft:skeleton":3,"minecraft:zombie":8},"minecraft:killed_by":{"minecraft:husk":1,"minecraft:zombie_villager":1,"minecraft:skeleton":14,"minecraft:creeper":6,"minecraft:spider":3,"minecraft:zombie":4},"minecraft:custom":{"minecraft:interact_with_furnace":4,"minecraft:mob_kills":21,"minecraft:inspect_hopper":1,"minecraft:interact_with_crafting_table":17,"minecraft:play_one_minute":362190,"minecraft:leave_game":14,"minecraft:time_since_death":10274,"minecraft:sleep_in_bed":2,"minecraft:climb_one_cm":35469,"minecraft:time_since_rest":10302,"minecraft:sprint_one_cm":918455,"minecraft:damage_taken":17375,"minecraft:walk_one_cm":565837,"minecraft:drop":13,"minecraft:damage_dealt":4033,"minecraft:fly_one_cm":1355758,"minecraft:open_chest":117,"minecraft:crouch_one_cm":16035,"minecraft:deaths":53,"minecraft:sneak_time":9533,"minecraft:walk_under_water_one_cm":72856,"minecraft:jump":5383,"minecraft:walk_on_water_one_cm":152200,"minecraft:fall_one_cm":223729},"minecraft:picked_up":{"minecraft:wheat":59,"minecraft:andesite":85,"minecraft:oak_log":15,"minecraft:gunpowder":1,"minecraft:heavy_weighted_pressure_plate":1,"minecraft:lapis_lazuli":42,"minecraft:dirt":815,"minecraft:string":9,"minecraft:bone":4,"minecraft:apple":1,"minecraft:wheat_seeds":179,"minecraft:rabbit_hide":1,"minecraft:iron_ore":56,"minecraft:cobblestone_slab":2,"minecraft:poppy":2,"minecraft:rabbit":1,"minecraft:birch_sapling":2,"minecraft:oak_planks":2,"minecraft:acacia_sapling":13,"minecraft:egg":22,"minecraft:stick":14,"minecraft:pumpkin":32,"minecraft:oak_fence":2,"minecraft:torch":5,"minecraft:acacia_log":1,"minecraft:dandelion":1,"minecraft:sand":1,"minecraft:diorite":62,"minecraft:redstone":33,"minecraft:carrot":325,"minecraft:gold_ore":6,"minecraft:arrow":3,"minecraft:rotten_flesh":15,"minecraft:diamond":34,"minecraft:granite":64,"minecraft:oak_sapling":8,"minecraft:obsidian":33,"minecraft:coal":41,"minecraft:cobblestone":1250}},"DataVersion":2584}