{"stats":{"minecraft:broken":{"minecraft:golden_helmet":1,"minecraft:golden_boots":1,"minecraft:iron_leggings":1,"minecraft:stone_pickaxe":23,"minecraft:stone_axe":1,"minecraft:stone_hoe":2,"minecraft:iron_helmet":1},"minecraft:used":{"minecraft:iron_shovel":220,"minecraft:oak_sign":4,"minecraft:ladder":31,"minecraft:poppy":1,"minecraft:diamond_hoe":7,"minecraft:chest":11,"minecraft:iron_sword":683,"minecraft:stone":2,"minecraft:nether_wart":120,"minecraft:soul_sand":75,"minecraft:nether_bricks":2,"minecraft:carrot":218,"minecraft:weeping_vines":16,"minecraft:obsidian":64,"minecraft:glass":2,"minecraft:lava_bucket":5,"minecraft:stone_bricks":2,"minecraft:item_frame":1,"minecraft:bow":1,"minecraft:warped_fungus":8,"minecraft:oak_sapling":1,"minecraft:fire_coral_fan":1,"minecraft:mossy_stone_bricks":2,"minecraft:end_rod":4,"minecraft:tube_coral_fan":2,"minecraft:stone_pickaxe":3402,"minecraft:powered_rail":63,"minecraft:oak_planks":3,"minecraft:cactus":1,"minecraft:blackstone":73,"minecraft:ender_pearl":13,"minecraft:sandstone":10,"minecraft:composter":1,"minecraft:sugar_cane":94,"minecraft:respawn_anchor":2,"minecraft:sand":2,"minecraft:black_bed":13,"minecraft:end_stone":157,"minecraft:redstone_torch":1,"minecraft:lever":8,"minecraft:birch_slab":1,"minecraft:string":1,"minecraft:bread":116,"minecraft:gravel":4,"minecraft:nether_wart_block":27,"minecraft:fire_charge":1,"minecraft:grindstone":1,"minecraft:andesite":2,"minecraft:chain":3,"minecraft:oak_boat":6,"minecraft:bone_meal":50,"minecraft:oak_fence":15,"minecraft:oak_trapdoor":2,"minecraft:rose_bush":1,"minecraft:flint_and_steel":32,"minecraft:stone_hoe":282,"minecraft:netherrack":643,"minecraft:torch":42,"minecraft:brewing_stand":1,"minecraft:dirt":242,"minecraft:anvil":1,"minecraft:white_carpet":7,"minecraft:hopper":1,"minecraft:cobblestone_wall":25,"minecraft:oak_fence_gate":16,"minecraft:granite":2,"minecraft:shroomlight":1,"minecraft:chipped_anvil":2,"minecraft:bookshelf":4,"minecraft:iron_axe":3,"minecraft:smooth_sandstone":2,"minecraft:crimson_slab":30,"minecraft:crimson_planks":1,"minecraft:melon_seeds":19,"minecraft:basalt":145,"minecraft:minecart":43,"minecraft:stone_pressure_plate":3,"minecraft:pumpkin":2,"minecraft:wheat_seeds":153,"minecraft:water_bucket":110,"minecraft:cobblestone_stairs":10,"minecraft:glass_bottle":21,"minecraft:bubble_coral_fan":4,"minecraft:brown_mushroom":7,"minecraft:stonecutter":2,"minecraft:green_bed":9,"minecraft:cobblestone_slab":709,"minecraft:gilded_blackstone":76,"minecraft:salmon":1,"minecraft:rail":99,"minecraft:music_disc_cat":6,"minecraft:lime_bed":3,"minecraft:tnt":6,"minecraft:crafting_table":28,"minecraft:white_bed":29,"minecraft:cod":2,"minecraft:piston":12,"minecraft:diamond_pickaxe":827,"minecraft:ender_eye":10,"minecraft:iron_pickaxe":1295,"minecraft:stone_axe":132,"minecraft:crimson_fungus":13,"minecraft:fire_coral_block":1,"minecraft:fishing_rod":2721,"minecraft:cobblestone":2289,"minecraft:porkchop":4,"minecraft:bucket":117,"minecraft:jukebox":1},"minecraft:dropped":{"minecraft:iron_sword":2,"minecraft:soul_sand":11,"minecraft:birch_planks":2,"minecraft:ender_pearl":2,"minecraft:diamond":3,"minecraft:weeping_vines":6,"minecraft:leather":5,"minecraft:saddle":2,"minecraft:cod":1,"minecraft:flint":5,"minecraft:dirt":10,"minecraft:crimson_roots":5,"minecraft:cut_sandstone":2,"minecraft:sand":3,"minecraft:gold_ingot":25,"minecraft:gravel":76,"minecraft:crimson_fungus":2,"minecraft:blackstone":15,"minecraft:diamond_block":2,"minecraft:rotten_flesh":17,"minecraft:carrot":268,"minecraft:blackstone_slab":84,"minecraft:basalt":1,"minecraft:netherrack":901,"minecraft:water_bucket":1,"minecraft:iron_ingot":67,"minecraft:bread":61,"minecraft:wheat_seeds":3,"minecraft:tnt":7,"minecraft:cobblestone":603,"minecraft:granite":86,"minecraft:tropical_fish":1,"minecraft:stick":5,"minecraft:golden_apple":3,"minecraft:pufferfish":1,"minecraft:diamond_horse_armor":2,"minecraft:diorite":42,"minecraft:potion":5,"minecraft:string":6,"minecraft:bucket":1,"minecraft:music_disc_cat":1,"minecraft:blaze_rod":2,"minecraft:slime_block":3,"minecraft:filled_map":1,"minecraft:shield":1,"minecraft:sea_pickle":3,"minecraft:diamond_pickaxe":2,"minecraft:andesite":39,"minecraft:mossy_stone_bricks":3,"minecraft:stone_pressure_plate":1,"minecraft:stone_bricks":3,"minecraft:sandstone":12,"minecraft:bow":1,"minecraft:stone_pickaxe":1},"minecraft:killed_by":{"minecraft:zombified_piglin":3,"minecraft:creeper":3,"minecraft:magma_cube":1,"minecraft:piglin":2,"minecraft:zombie":9,"minecraft:player":1,"minecraft:enderman":8,"minecraft:ender_dragon":1,"minecraft:hoglin":1,"minecraft:skeleton":2,"minecraft:phantom":3},"minecraft:killed":{"minecraft:witch":1,"minecraft:zombified_piglin":12,"minecraft:spider":6,"minecraft:skeleton":6,"minecraft:magma_cube":18,"minecraft:piglin":3,"minecraft:zombie_villager":1,"minecraft:creeper":1,"minecraft:zombie":11,"minecraft:cow":8,"minecraft:slime":7,"minecraft:phantom":1,"minecraft:drowned":1,"minecraft:husk":2,"minecraft:hoglin":3,"minecraft:enderman":26},"minecraft:custom":{"minecraft:animals_bred":22,"minecraft:interact_with_crafting_table":128,"minecraft:open_shulker_box":5,"minecraft:bell_ring":15,"minecraft:leave_game":84,"minecraft:time_since_death":79591,"minecraft:sprint_one_cm":793842,"minecraft:drop":331,"minecraft:talked_to_villager":26,"minecraft:deaths":52,"minecraft:jump":8793,"minecraft:interact_with_brewingstand":35,"minecraft:walk_on_water_one_cm":138088,"minecraft:enchant_item":11,"minecraft:interact_with_furnace":27,"minecraft:play_record":6,"minecraft:play_one_minute":2072206,"minecraft:interact_with_loom":5,"minecraft:sleep_in_bed":29,"minecraft:damage_dealt":20185,"minecraft:crouch_one_cm":92196,"minecraft:use_cauldron":1,"minecraft:horse_one_cm":25311,"minecraft:interact_with_anvil":12,"minecraft:mob_kills":109,"minecraft:inspect_hopper":15,"minecraft:fill_cauldron":1,"minecraft:climb_one_cm":73252,"minecraft:walk_one_cm":4562419,"minecraft:sneak_time":42834,"minecraft:walk_under_water_one_cm":172937,"minecraft:boat_one_cm":1816432,"minecraft:interact_with_stonecutter":7,"minecraft:interact_with_grindstone":3,"minecraft:time_since_rest":63157,"minecraft:damage_taken":20834,"minecraft:trigger_trapped_chest":5,"minecraft:minecart_one_cm":575918,"minecraft:swim_one_cm":237391,"minecraft:fly_one_cm":1978508,"minecraft:open_chest":828,"minecraft:fish_caught":12,"minecraft:fall_one_cm":183488},"minecraft:picked_up":{"minecraft:wheat":181,"minecraft:flower_pot":1,"minecraft:anvil":1,"minecraft:lead":4,"minecraft:potion":1,"minecraft:enchanted_book":2,"minecraft:gilded_blackstone":71,"minecraft:nether_brick":7,"minecraft:golden_sword":1,"minecraft:music_disc_cat":6,"minecraft:string":7,"minecraft:iron_leggings":1,"minecraft:pufferfish":4,"minecraft:shroomlight":4,"minecraft:oak_sign":1,"minecraft:sea_pickle":11,"minecraft:gold_nugget":364,"minecraft:bucket":1,"minecraft:horn_coral_block":12,"minecraft:redstone_torch":5,"minecraft:bubble_coral":3,"minecraft:cobblestone_slab":124,"minecraft:melon_slice":54,"minecraft:stick":5,"minecraft:jungle_door":1,"minecraft:jukebox":1,"minecraft:oak_fence":20,"minecraft:torch":50,"minecraft:green_bed":11,"minecraft:porkchop":4,"minecraft:diorite":75,"minecraft:cactus":1,"minecraft:horn_coral_fan":3,"minecraft:rotten_flesh":32,"minecraft:tropical_fish":1,"minecraft:end_rod":4,"minecraft:fire_coral_fan":12,"minecraft:blaze_rod":13,"minecraft:obsidian":93,"minecraft:cod":8,"minecraft:iron_bars":7,"minecraft:cobblestone":1868,"minecraft:nautilus_shell":2,"minecraft:magma_block":5,"minecraft:magma_cream":1,"minecraft:birch_slab":1,"minecraft:water_bucket":1,"minecraft:andesite":85,"minecraft:black_bed":13,"minecraft:brown_wool":1,"minecraft:flint":14,"minecraft:horn_coral":1,"minecraft:dirt":460,"minecraft:name_tag":1,"minecraft:bone":6,"minecraft:chipped_anvil":2,"minecraft:stonecutter":2,"minecraft:wheat_seeds":684,"minecraft:mossy_stone_bricks":16,"minecraft:powered_rail":67,"minecraft:oak_planks":133,"minecraft:brain_coral":5,"minecraft:sand":29,"minecraft:grass_block":1,"minecraft:diamond_block":2,"minecraft:spectral_arrow":8,"minecraft:sugar":2,"minecraft:diamond":45,"minecraft:slime_block":4,"minecraft:lever":7,"minecraft:granite":165,"minecraft:bone_meal":31,"minecraft:bread":43,"minecraft:oak_sapling":1,"minecraft:netherrack":1728,"minecraft:crimson_roots":5,"minecraft:diamond_pickaxe":2,"minecraft:crafting_table":25,"minecraft:bubble_coral_fan":24,"minecraft:splash_potion":1,"minecraft:ladder":4,"minecraft:nether_wart":273,"minecraft:brown_mushroom":42,"minecraft:gold_block":1,"minecraft:diamond_horse_armor":1,"minecraft:chain":3,"minecraft:fire_coral":3,"minecraft:oak_trapdoor":4,"minecraft:item_frame":1,"minecraft:white_carpet":29,"minecraft:blackstone":161,"minecraft:cracked_stone_bricks":10,"minecraft:respawn_anchor":2,"minecraft:beef":20,"minecraft:oak_boat":5,"minecraft:iron_nugget":17,"minecraft:poppy":1,"minecraft:minecart":48,"minecraft:sugar_cane":294,"minecraft:chest":5,"minecraft:piston":13,"minecraft:phantom_membrane":1,"minecraft:egg":3,"minecraft:sandstone":22,"minecraft:end_stone":161,"minecraft:stone":2,"minecraft:fire_charge":1,"minecraft:carrot":294,"minecraft:redstone":98,"minecraft:iron_horse_armor":1,"minecraft:stone_pressure_plate":4,"minecraft:tnt":16,"minecraft:tube_coral":4,"minecraft:arrow":3,"minecraft:weeping_vines":23,"minecraft:tube_coral_fan":3,"minecraft:nether_bricks":2,"minecraft:gold_ingot":27,"minecraft:saddle":1,"minecraft:tube_coral_block":13,"minecraft:rail":93,"minecraft:white_wool":18,"minecraft:lime_bed":4,"minecraft:basalt":146,"minecraft:crimson_stem":4,"minecraft:salmon":1,"minecraft:cut_sandstone":2,"minecraft:leather":21,"minecraft:filled_map":1,"minecraft:birch_planks":10,"minecraft:crimson_fungus":15,"minecraft:cobblestone_wall":1,"minecraft:nether_wart_block":27,"minecraft:gunpowder":2,"minecraft:smooth_sandstone":2,"minecraft:stone_bricks":18,"minecraft:fire_coral_block":9,"minecraft:iron_ingot":67,"minecraft:oak_fence_gate":2,"minecraft:stone_pickaxe":2,"minecraft:iron_ore":114,"minecraft:glass_bottle":192,"minecraft:iron_sword":3,"minecraft:soul_sand":82,"minecraft:book":3,"minecraft:oak_slab":6,"minecraft:warped_fungus":8,"minecraft:pumpkin":10,"minecraft:quartz":24,"minecraft:gravel":135,"minecraft:brain_coral_fan":7,"minecraft:white_bed":24,"minecraft:gold_ore":14,"minecraft:crying_obsidian":15,"minecraft:green_carpet":1,"minecraft:spider_eye":2,"minecraft:slime_ball":28,"minecraft:black_wool":5,"minecraft:crimson_nylium":9,"minecraft:coal":21,"minecraft:ender_pearl":19},"minecraft:mined":{"minecraft:stone_pressure_plate":2,"minecraft:white_bed":23,"minecraft:fire_coral_wall_fan":7,"minecraft:potted_cactus":1,"minecraft:obsidian":94,"minecraft:granite":126,"minecraft:grass_block":283,"minecraft:horn_coral_fan":2,"minecraft:bubble_coral_fan":13,"minecraft:tube_coral_block":13,"minecraft:crimson_fungus":13,"minecraft:oak_wall_sign":1,"minecraft:nether_wart":104,"minecraft:gilded_blackstone":76,"minecraft:weeping_vines_plant":14,"minecraft:tall_seagrass":3,"minecraft:magma_block":7,"minecraft:iron_ore":114,"minecraft:fire":23,"minecraft:pumpkin":10,"minecraft:anvil":1,"minecraft:iron_bars":7,"minecraft:green_carpet":1,"minecraft:green_bed":12,"minecraft:tripwire":1,"minecraft:cut_sandstone":3,"minecraft:jungle_door":1,"minecraft:blackstone":131,"minecraft:melon_stem":1,"minecraft:crimson_nylium":38,"minecraft:torch":28,"minecraft:melon":11,"minecraft:chest":5,"minecraft:mushroom_stem":14,"minecraft:nether_quartz_ore":9,"minecraft:cobblestone":465,"minecraft:tube_coral_fan":1,"minecraft:oak_planks":5,"minecraft:sugar_cane":245,"minecraft:wall_torch":10,"minecraft:seagrass":113,"minecraft:chain":3,"minecraft:fire_coral_fan":4,"minecraft:powered_rail":66,"minecraft:nether_wart_block":29,"minecraft:wheat":184,"minecraft:jukebox":1,"minecraft:warped_fungus":8,"minecraft:black_bed":13,"minecraft:tnt":9,"minecraft:grass":52,"minecraft:oak_fence_gate":2,"minecraft:sand":29,"minecraft:dirt":137,"minecraft:stonecutter":2,"minecraft:netherrack":1792,"minecraft:piston":9,"minecraft:horn_coral_block":13,"minecraft:nether_gold_ore":90,"minecraft:tube_coral":5,"minecraft:diamond_ore":45,"minecraft:end_stone":167,"minecraft:nether_bricks":2,"minecraft:lever":5,"minecraft:ladder":5,"minecraft:tube_coral_wall_fan":3,"minecraft:crimson_roots":1,"minecraft:weeping_vines":15,"minecraft:brown_mushroom_block":135,"minecraft:birch_slab":1,"minecraft:sandstone":22,"minecraft:crimson_stem":4,"minecraft:horn_coral_wall_fan":1,"minecraft:horn_coral":1,"minecraft:redstone_ore":20,"minecraft:carrots":64,"minecraft:andesite":92,"minecraft:gold_block":1,"minecraft:bookshelf":1,"minecraft:cobblestone_slab":132,"minecraft:shroomlight":5,"minecraft:respawn_anchor":2,"minecraft:rail":91,"minecraft:brain_coral_wall_fan":2,"minecraft:stone":1482,"minecraft:fire_coral_block":9,"minecraft:brain_coral":5,"minecraft:redstone_wall_torch":1,"minecraft:soul_sand":42,"minecraft:infested_stone_bricks":1,"minecraft:basalt":146,"minecraft:oak_fence":20,"minecraft:fire_coral":3,"minecraft:smooth_sandstone":2,"minecraft:crafting_table":25,"minecraft:brain_coral_fan":5,"minecraft:tall_grass":1,"minecraft:diorite":76,"minecraft:lime_bed":4,"minecraft:bubble_coral":3,"minecraft:cobblestone_wall":1,"minecraft:sea_pickle":3,"minecraft:redstone_torch":4,"minecraft:white_carpet":7,"minecraft:grass_path":1,"minecraft:coal_ore":24,"minecraft:end_rod":4,"minecraft:bubble_coral_wall_fan":12,"minecraft:gravel":119,"minecraft:cracked_stone_bricks":10,"minecraft:stone_bricks":15,"minecraft:chipped_anvil":2,"minecraft:mossy_stone_bricks":15,"minecraft:gold_ore":14},"minecraft:crafted":{"minecraft:grindstone":1,"minecraft:oak_planks":80,"minecraft:cobblestone_slab":434,"minecraft:oak_sign":2,"minecraft:blaze_powder":10,"minecraft:slime_block":3,"minecraft:lever":1,"minecraft:bookshelf":4,"minecraft:hopper":1,"minecraft:iron_boots":2,"minecraft:melon_seeds":15,"minecraft:chest":8,"minecraft:stone_hoe":3,"minecraft:ender_eye":10,"minecraft:golden_boots":1,"minecraft:respawn_anchor":1,"minecraft:oak_slab":15,"minecraft:diamond_axe":1,"minecraft:crafting_table":2,"minecraft:iron_helmet":1,"minecraft:gold_block":3,"minecraft:brewing_stand":1,"minecraft:tnt":2,"minecraft:iron_chestplate":4,"minecraft:book":11,"minecraft:diamond_pickaxe":1,"minecraft:paper":39,"minecraft:golden_leggings":1,"minecraft:shield":2,"minecraft:stone_slab":2,"minecraft:stick":148,"minecraft:iron_ingot":28,"minecraft:iron_pickaxe":6,"minecraft:iron_block":11,"minecraft:gold_ingot":63,"minecraft:black_bed":2,"minecraft:composter":1,"minecraft:shears":1,"minecraft:golden_carrot":4,"minecraft:jukebox":1,"minecraft:bone_meal":24,"minecraft:polished_andesite_slab":2,"minecraft:diamond_block":4,"minecraft:oak_trapdoor":1,"minecraft:flint_and_steel":1,"minecraft:iron_axe":1,"minecraft:ladder":24,"minecraft:stone_pickaxe":29,"minecraft:cobblestone_wall":24,"minecraft:redstone_block":27,"minecraft:golden_helmet":1,"minecraft:glistering_melon_slice":2,"minecraft:sugar":29,"minecraft:crimson_planks":16,"minecraft:crimson_slab":30,"minecraft:iron_sword":3,"minecraft:bucket":2,"minecraft:stone_axe":1,"minecraft:glowstone":3,"minecraft:air":0,"minecraft:bread":94,"minecraft:oak_fence_gate":14,"minecraft:oak_boat":1,"minecraft:andesite_slab":2,"minecraft:fermented_spider_eye":7,"minecraft:iron_shovel":1,"minecraft:iron_leggings":2,"minecraft:white_bed":6,"minecraft:blackstone_slab":81}},"DataVersion":2584}