{"stats":{"minecraft:custom":{"minecraft:interact_with_smithing_table":2,"minecraft:inspect_dropper":1,"minecraft:interact_with_anvil":2,"minecraft:mob_kills":91,"minecraft:inspect_hopper":7,"minecraft:interact_with_crafting_table":82,"minecraft:bell_ring":2,"minecraft:leave_game":32,"minecraft:time_since_death":23773,"minecraft:climb_one_cm":13164,"minecraft:damage_blocked_by_shield":345,"minecraft:sprint_one_cm":827332,"minecraft:walk_one_cm":1554363,"minecraft:drop":85,"minecraft:talked_to_villager":34,"minecraft:deaths":11,"minecraft:sneak_time":3884,"minecraft:walk_under_water_one_cm":485,"minecraft:boat_one_cm":959,"minecraft:jump":5909,"minecraft:interact_with_brewingstand":1,"minecraft:walk_on_water_one_cm":15607,"minecraft:enchant_item":2,"minecraft:interact_with_furnace":140,"minecraft:play_record":1,"minecraft:traded_with_villager":14,"minecraft:play_one_minute":493080,"minecraft:interact_with_loom":1,"minecraft:interact_with_grindstone":5,"minecraft:sleep_in_bed":18,"minecraft:time_since_rest":23805,"minecraft:damage_taken":6494,"minecraft:damage_dealt":16292,"minecraft:minecart_one_cm":7014,"minecraft:fly_one_cm":1118165,"minecraft:open_chest":272,"minecraft:crouch_one_cm":10538,"minecraft:fall_one_cm":158811},"minecraft:broken":{"minecraft:iron_shovel":1,"minecraft:stone_hoe":2,"minecraft:stone_pickaxe":4,"minecraft:iron_pickaxe":1,"minecraft:iron_helmet":1,"minecraft:stone_shovel":2},"minecraft:crafted":{"minecraft:oak_planks":860,"minecraft:oak_sign":6,"minecraft:stone_shovel":3,"minecraft:iron_nugget":23,"minecraft:pink_bed":1,"minecraft:cooked_chicken":3,"minecraft:birch_slab":150,"minecraft:furnace":60,"minecraft:bone_meal":3,"minecraft:lever":1,"minecraft:pink_dye":2,"minecraft:cooked_mutton":7,"minecraft:oak_trapdoor":17,"minecraft:flint_and_steel":1,"minecraft:glass":16,"minecraft:hopper":6,"minecraft:iron_boots":1,"minecraft:iron_axe":3,"minecraft:stone_pickaxe":3,"minecraft:chest":14,"minecraft:redstone_block":2,"minecraft:rail":16,"minecraft:stone_hoe":4,"minecraft:golden_boots":1,"minecraft:minecart":3,"minecraft:cooked_beef":1,"minecraft:oak_slab":48,"minecraft:emerald":14,"minecraft:crafting_table":2,"minecraft:powered_rail":3,"minecraft:iron_helmet":1,"minecraft:iron_sword":1,"minecraft:bucket":1,"minecraft:birch_planks":112,"minecraft:campfire":10,"minecraft:stone_axe":2,"minecraft:air":0,"minecraft:oak_boat":2,"minecraft:iron_chestplate":1,"minecraft:charcoal":32,"minecraft:diamond_pickaxe":1,"minecraft:shield":1,"minecraft:stick":90,"minecraft:iron_ingot":102,"minecraft:iron_pickaxe":3,"minecraft:oak_stairs":6,"minecraft:stone_sword":1,"minecraft:iron_shovel":2,"minecraft:gold_ingot":11,"minecraft:iron_leggings":1,"minecraft:black_bed":1,"minecraft:white_bed":8,"minecraft:composter":6,"minecraft:acacia_planks":68,"minecraft:torch":148,"minecraft:shears":1},"minecraft:picked_up":{"minecraft:charcoal":4,"minecraft:crafting_table":1,"minecraft:wheat":220,"minecraft:azure_bluet":3,"minecraft:redstone_block":3,"minecraft:leather_leggings":1,"minecraft:wooden_pickaxe":1,"minecraft:oak_stairs":54,"minecraft:brewing_stand":1,"minecraft:shield":1,"minecraft:music_disc_cat":1,"minecraft:string":8,"minecraft:oak_trapdoor":1,"minecraft:iron_axe":1,"minecraft:wooden_sword":2,"minecraft:oak_sign":2,"minecraft:beetroot":2,"minecraft:oak_boat":5,"minecraft:poppy":9,"minecraft:light_gray_wool":1,"minecraft:minecart":11,"minecraft:sugar_cane":38,"minecraft:chest":2,"minecraft:birch_sapling":24,"minecraft:furnace":25,"minecraft:jungle_door":3,"minecraft:sandstone":1,"minecraft:stick":58,"minecraft:oak_door":3,"minecraft:composter":14,"minecraft:oak_fence":1,"minecraft:green_bed":1,"minecraft:torch":39,"minecraft:acacia_log":17,"minecraft:diorite":212,"minecraft:carrot":814,"minecraft:redstone":112,"minecraft:golden_chestplate":1,"minecraft:stone_sword":1,"minecraft:arrow":21,"minecraft:cactus":21,"minecraft:rotten_flesh":89,"minecraft:beetroot_seeds":5,"minecraft:peony":1,"minecraft:stripped_oak_log":1,"minecraft:rail":226,"minecraft:white_wool":25,"minecraft:cobblestone":1619,"minecraft:oxeye_daisy":13,"minecraft:birch_log":66,"minecraft:lime_bed":1,"minecraft:magma_block":336,"minecraft:andesite":109,"minecraft:golden_leggings":1,"minecraft:potato":140,"minecraft:flint":10,"minecraft:oak_log":273,"minecraft:cobblestone_stairs":3,"minecraft:golden_boots":2,"minecraft:lapis_lazuli":35,"minecraft:dirt":1126,"minecraft:smooth_sandstone":4,"minecraft:bone":14,"minecraft:apple":13,"minecraft:wheat_seeds":564,"minecraft:bell":1,"minecraft:iron_ingot":4,"minecraft:iron_ore":106,"minecraft:powered_rail":47,"minecraft:stone_hoe":1,"minecraft:oak_planks":231,"minecraft:oak_slab":3,"minecraft:quartz":44,"minecraft:dandelion":25,"minecraft:gravel":22,"minecraft:sand":77,"minecraft:white_bed":24,"minecraft:grass_block":1,"minecraft:cyan_bed":1,"minecraft:gold_ore":11,"minecraft:mossy_cobblestone":5,"minecraft:diamond":7,"minecraft:lever":8,"minecraft:granite":203,"minecraft:bone_meal":14,"minecraft:oak_sapling":81,"minecraft:netherrack":55,"minecraft:black_wool":3,"minecraft:coal":258,"minecraft:hopper":7,"minecraft:ender_pearl":1},"minecraft:used":{"minecraft:oak_fence":1,"minecraft:oak_trapdoor":17,"minecraft:stone_sword":50,"minecraft:iron_shovel":424,"minecraft:stone_shovel":374,"minecraft:oak_sign":9,"minecraft:chest":9,"minecraft:shield":9,"minecraft:iron_sword":176,"minecraft:bell":1,"minecraft:cooked_chicken":3,"minecraft:stone_hoe":350,"minecraft:netherrack":1,"minecraft:oak_door":1,"minecraft:torch":88,"minecraft:dirt":816,"minecraft:hopper":10,"minecraft:carrot":569,"minecraft:glass":16,"minecraft:iron_axe":638,"minecraft:grass_block":1,"minecraft:oak_stairs":10,"minecraft:birch_sapling":24,"minecraft:oak_sapling":48,"minecraft:furnace":36,"minecraft:minecart":13,"minecraft:cooked_beef":27,"minecraft:potato":453,"minecraft:wheat_seeds":188,"minecraft:cooked_mutton":7,"minecraft:water_bucket":21,"minecraft:stone_pickaxe":523,"minecraft:powered_rail":49,"minecraft:oak_planks":146,"minecraft:composter":17,"minecraft:redstone_block":2,"minecraft:mossy_cobblestone":1,"minecraft:sand":2,"minecraft:rail":216,"minecraft:music_disc_cat":1,"minecraft:oak_slab":5,"minecraft:crafting_table":3,"minecraft:white_bed":23,"minecraft:campfire":2,"minecraft:black_bed":1,"minecraft:oak_log":5,"minecraft:lever":9,"minecraft:diamond_pickaxe":760,"minecraft:apple":2,"minecraft:iron_pickaxe":695,"minecraft:bread":22,"minecraft:stone_axe":208,"minecraft:cobblestone":555,"minecraft:andesite":2,"minecraft:bucket":21,"minecraft:oak_boat":5,"minecraft:bone_meal":83},"minecraft:killed":{"minecraft:spider":6,"minecraft:skeleton":11,"minecraft:husk":16,"minecraft:zombie":50,"minecraft:villager":1,"minecraft:enderman":2},"minecraft:killed_by":{"minecraft:husk":1,"minecraft:creeper":1,"minecraft:spider":1,"minecraft:skeleton":1,"minecraft:zombie":4},"minecraft:dropped":{"minecraft:golden_boots":1,"minecraft:wheat_seeds":90,"minecraft:mossy_cobblestone":1,"minecraft:minecart":1,"minecraft:cobblestone":975,"minecraft:apple":3,"minecraft:granite":75,"minecraft:rail":28,"minecraft:dirt":4,"minecraft:diorite":93,"minecraft:string":2,"minecraft:dandelion":9,"minecraft:redstone_block":2,"minecraft:bone":3,"minecraft:gravel":6,"minecraft:golden_chestplate":1,"minecraft:pink_dye":1,"minecraft:wheat":3,"minecraft:rotten_flesh":70,"minecraft:oak_planks":61,"minecraft:white_bed":8,"minecraft:azure_bluet":1,"minecraft:carrot":819,"minecraft:poppy":3,"minecraft:andesite":50,"minecraft:beetroot_seeds":5,"minecraft:chest":1,"minecraft:leather_leggings":1,"minecraft:arrow":5},"minecraft:mined":{"minecraft:diamond_ore":7,"minecraft:white_bed":16,"minecraft:oak_sapling":5,"minecraft:farmland":8,"minecraft:mossy_cobblestone":5,"minecraft:oak_door":3,"minecraft:cobblestone_stairs":3,"minecraft:brewing_stand":1,"minecraft:lever":7,"minecraft:granite":38,"minecraft:acacia_log":17,"minecraft:grass_block":694,"minecraft:composter":14,"minecraft:hopper":8,"minecraft:oxeye_daisy":13,"minecraft:oak_wall_sign":1,"minecraft:oak_trapdoor":1,"minecraft:redstone_ore":25,"minecraft:magma_block":292,"minecraft:carrots":153,"minecraft:furnace":26,"minecraft:iron_ore":88,"minecraft:andesite":28,"minecraft:peony":1,"minecraft:azure_bluet":1,"minecraft:potatoes":36,"minecraft:rail":198,"minecraft:oak_stairs":54,"minecraft:stripped_oak_log":1,"minecraft:stone":422,"minecraft:oak_slab":3,"minecraft:redstone_block":2,"minecraft:glass_pane":3,"minecraft:jungle_door":3,"minecraft:dandelion":20,"minecraft:smooth_sandstone":3,"minecraft:oak_fence":1,"minecraft:crafting_table":1,"minecraft:torch":20,"minecraft:poppy":3,"minecraft:chest":2,"minecraft:dead_bush":1,"minecraft:campfire":2,"minecraft:nether_quartz_ore":44,"minecraft:tall_grass":30,"minecraft:cobblestone":251,"minecraft:cyan_bed":1,"minecraft:lapis_ore":6,"minecraft:oak_planks":59,"minecraft:sugar_cane":10,"minecraft:diorite":110,"minecraft:wall_torch":9,"minecraft:seagrass":1,"minecraft:birch_sapling":3,"minecraft:lime_bed":1,"minecraft:cactus":4,"minecraft:powered_rail":37,"minecraft:birch_log":66,"minecraft:wheat":228,"minecraft:birch_leaves":20,"minecraft:grass_path":12,"minecraft:grass":331,"minecraft:oak_log":264,"minecraft:coal_ore":216,"minecraft:beetroots":2,"minecraft:gravel":16,"minecraft:sand":26,"minecraft:dirt":214,"minecraft:netherrack":55,"minecraft:gold_ore":11,"minecraft:oak_leaves":36}},"DataVersion":2584}